[0m20:16:57.007914 [debug] [MainThread]: Sending event: {'category': 'dbt', 'action': 'invocation', 'label': 'start', 'context': [<snowplow_tracker.self_describing_json.SelfDescribingJson object at 0x0000013D6833C830>, <snowplow_tracker.self_describing_json.SelfDescribingJson object at 0x0000013D65C30B90>, <snowplow_tracker.self_describing_json.SelfDescribingJson object at 0x0000013D6AAFBB10>]}


============================== 20:16:57.013533 | b94578eb-5e60-44c0-8a47-124bd7af3abd ==============================
[0m20:16:57.013533 [info ] [MainThread]: Running with dbt=1.12.0
[0m20:16:57.014234 [debug] [MainThread]: running dbt with arguments {'version_check': 'True', 'no_print': 'None', 'static_parser': 'True', 'target_path': 'None', 'maximum_seed_size_mib': '1', 'warn_error_options': 'WarnErrorOptionsV2(error=[], warn=[], silence=[])', 'printer_width': '80', 'write_json': 'True', 'introspect': 'True', 'log_cache_events': 'False', 'empty': 'None', 'cache_selected_only': 'False', 'fail_fast': 'False', 'debug': 'False', 'log_format': 'default', 'profiles_dir': 'C:\\Users\\HP\\.dbt', 'send_anonymous_usage_stats': 'True', 'quiet': 'False', 'warn_error': 'None', 'partial_parse': 'True', 'use_colors': 'True', 'hints_enabled': 'True', 'indirect_selection': 'eager', 'use_experimental_parser': 'False', 'invocation_command': 'dbt debug', 'log_path': 'D:\\Infotact solutions\\Project\\AtmoSync - analytics\\atmosync_dbt\\logs'}
[0m20:16:57.046318 [info ] [MainThread]: dbt version: 1.12.0
[0m20:16:57.046793 [info ] [MainThread]: python version: 3.14.4
[0m20:16:57.047235 [info ] [MainThread]: python path: C:\Python314\python.exe
[0m20:16:57.047627 [info ] [MainThread]: os info: Windows-11-10.0.26200-SP0
[0m20:16:58.238400 [debug] [MainThread]: Snowflake adapter: Setting snowflake.connector to ERROR (file logging only)
[0m20:16:58.238864 [debug] [MainThread]: Snowflake adapter: Setting botocore to ERROR (file logging only)
[0m20:16:58.239168 [debug] [MainThread]: Snowflake adapter: Setting boto3 to ERROR (file logging only)
[0m20:16:58.377843 [info ] [MainThread]: Using profiles dir at C:\Users\HP\.dbt
[0m20:16:58.378550 [info ] [MainThread]: Using profiles.yml file at C:\Users\HP\.dbt\profiles.yml
[0m20:16:58.379121 [info ] [MainThread]: Using dbt_project.yml file at D:\Infotact solutions\Project\AtmoSync - analytics\atmosync_dbt\dbt_project.yml
[0m20:16:58.380424 [info ] [MainThread]: adapter type: snowflake
[0m20:16:58.380907 [info ] [MainThread]: adapter version: 1.12.0
[0m20:16:58.479806 [info ] [MainThread]: Configuration:
[0m20:16:58.480442 [info ] [MainThread]:   profiles.yml file [[32mOK found and valid[0m]
[0m20:16:58.480884 [info ] [MainThread]:   dbt_project.yml file [[32mOK found and valid[0m]
[0m20:16:58.481326 [info ] [MainThread]: Required dependencies:
[0m20:16:58.481792 [debug] [MainThread]: Executing "git --help"
[0m20:16:58.488435 [info ] [MainThread]:  - git [[31mERROR[0m]

[0m20:16:58.489277 [info ] [MainThread]: Connection:
[0m20:16:58.490109 [info ] [MainThread]:   account: ibaayxn-vj30510
[0m20:16:58.490587 [info ] [MainThread]:   user: NOMESH
[0m20:16:58.490899 [info ] [MainThread]:   database: ATMOSYNC_DB
[0m20:16:58.491195 [info ] [MainThread]:   warehouse: COMPUTE_WH
[0m20:16:58.491483 [info ] [MainThread]:   role: ACCOUNTADMIN
[0m20:16:58.491880 [info ] [MainThread]:   schema: ANALYTICS
[0m20:16:58.492394 [info ] [MainThread]:   authenticator: None
[0m20:16:58.492990 [info ] [MainThread]:   oauth_client_id: None
[0m20:16:58.516578 [info ] [MainThread]:   query_tag: None
[0m20:16:58.535353 [info ] [MainThread]:   client_session_keep_alive: False
[0m20:16:58.542564 [info ] [MainThread]:   host: None
[0m20:16:58.548310 [info ] [MainThread]:   port: None
[0m20:16:58.549167 [info ] [MainThread]:   proxy_host: None
[0m20:16:58.549831 [info ] [MainThread]:   proxy_port: None
[0m20:16:58.552878 [info ] [MainThread]:   protocol: None
[0m20:16:58.554118 [info ] [MainThread]:   connect_retries: 1
[0m20:16:58.555549 [info ] [MainThread]:   connect_timeout: None
[0m20:16:58.556923 [info ] [MainThread]:   retry_on_database_errors: False
[0m20:16:58.570778 [info ] [MainThread]:   retry_all: False
[0m20:16:58.571868 [info ] [MainThread]:   insecure_mode: False
[0m20:16:58.572486 [info ] [MainThread]:   reuse_connections: True
[0m20:16:58.573128 [info ] [MainThread]:   s3_stage_vpce_dns_name: None
[0m20:16:58.573742 [info ] [MainThread]:   workload_identity_provider: None
[0m20:16:58.574311 [info ] [MainThread]:   workload_identity_entra_resource: None
[0m20:16:58.574803 [info ] [MainThread]:   platform_detection_timeout_seconds: 0.0
[0m20:16:58.575740 [info ] [MainThread]: Registered adapter: snowflake=1.12.0
[0m20:16:59.002118 [debug] [MainThread]: Acquiring new snowflake connection 'debug'
[0m20:16:59.005366 [debug] [MainThread]: Using snowflake connection "debug"
[0m20:16:59.006037 [debug] [MainThread]: On debug: select 1 as id
[0m20:16:59.006506 [debug] [MainThread]: Opening a new connection, currently in state init
[0m20:16:59.609235 [debug] [MainThread]: Snowflake adapter: Error running SQL: select 1 as id
[0m20:16:59.610131 [debug] [MainThread]: Snowflake adapter: Rolling back transaction.
[0m20:16:59.610885 [info ] [MainThread]:   Connection test: [[31mERROR[0m]

[0m20:16:59.611967 [info ] [MainThread]: [31m2 checks failed:[0m
[0m20:16:59.612687 [info ] [MainThread]: Error from git --help: Could not find command, ensure it is in the user's PATH and that the user has permissions to run it: "git"

[0m20:16:59.613369 [info ] [MainThread]: dbt was unable to connect to the specified database.
The database returned the following error:

  >Database Error
  390100 (28000): Failed to connect to DB: ibaayxn-vj30510.snowflakecomputing.com:443. Incorrect username or password was specified. [6992947f-474b-4b38-8e27-ae3a00ee95e6]

Check your database credentials and try again. For more information, visit:
https://docs.getdbt.com/docs/configure-your-profile


[0m20:16:59.614808 [debug] [MainThread]: Command `dbt debug` failed at 20:16:59.614538 after 3.12 seconds
[0m20:16:59.615356 [debug] [MainThread]: Connection 'debug' was left open.
[0m20:16:59.615817 [debug] [MainThread]: On debug: No close available on handle
[0m20:16:59.616300 [debug] [MainThread]: Sending event: {'category': 'dbt', 'action': 'invocation', 'label': 'end', 'context': [<snowplow_tracker.self_describing_json.SelfDescribingJson object at 0x0000013D7C6DBE10>, <snowplow_tracker.self_describing_json.SelfDescribingJson object at 0x0000013D7CBABAD0>, <snowplow_tracker.self_describing_json.SelfDescribingJson object at 0x0000013D7CB5E8B0>]}
[0m20:16:59.616846 [debug] [MainThread]: Flushing usage events
[0m20:17:01.630276 [debug] [MainThread]: An error was encountered while trying to flush usage events
[0m20:21:12.735988 [debug] [MainThread]: Sending event: {'category': 'dbt', 'action': 'invocation', 'label': 'start', 'context': [<snowplow_tracker.self_describing_json.SelfDescribingJson object at 0x000002705D0EC830>, <snowplow_tracker.self_describing_json.SelfDescribingJson object at 0x000002705A9F4CD0>, <snowplow_tracker.self_describing_json.SelfDescribingJson object at 0x000002705F8ABB10>]}


============================== 20:21:12.740615 | cabe0089-322d-4683-9c2e-70de3bc3f985 ==============================
[0m20:21:12.740615 [info ] [MainThread]: Running with dbt=1.12.0
[0m20:21:12.741386 [debug] [MainThread]: running dbt with arguments {'version_check': 'True', 'no_print': 'None', 'maximum_seed_size_mib': '1', 'warn_error_options': 'WarnErrorOptionsV2(error=[], warn=[], silence=[])', 'target_path': 'None', 'static_parser': 'True', 'printer_width': '80', 'write_json': 'True', 'empty': 'None', 'log_cache_events': 'False', 'introspect': 'True', 'cache_selected_only': 'False', 'log_format': 'default', 'debug': 'False', 'fail_fast': 'False', 'profiles_dir': 'C:\\Users\\HP\\.dbt', 'send_anonymous_usage_stats': 'True', 'quiet': 'False', 'warn_error': 'None', 'partial_parse': 'True', 'indirect_selection': 'eager', 'hints_enabled': 'True', 'invocation_command': 'dbt debug', 'use_experimental_parser': 'False', 'use_colors': 'True', 'log_path': 'D:\\Infotact solutions\\Project\\AtmoSync - analytics\\atmosync_dbt\\logs'}
[0m20:21:12.776084 [info ] [MainThread]: dbt version: 1.12.0
[0m20:21:12.776665 [info ] [MainThread]: python version: 3.14.4
[0m20:21:12.777136 [info ] [MainThread]: python path: C:\Python314\python.exe
[0m20:21:12.777528 [info ] [MainThread]: os info: Windows-11-10.0.26200-SP0
[0m20:21:13.812738 [debug] [MainThread]: Snowflake adapter: Setting snowflake.connector to ERROR (file logging only)
[0m20:21:13.813519 [debug] [MainThread]: Snowflake adapter: Setting botocore to ERROR (file logging only)
[0m20:21:13.814017 [debug] [MainThread]: Snowflake adapter: Setting boto3 to ERROR (file logging only)
[0m20:21:13.938731 [info ] [MainThread]: Using profiles dir at C:\Users\HP\.dbt
[0m20:21:13.939420 [info ] [MainThread]: Using profiles.yml file at C:\Users\HP\.dbt\profiles.yml
[0m20:21:13.939900 [info ] [MainThread]: Using dbt_project.yml file at D:\Infotact solutions\Project\AtmoSync - analytics\atmosync_dbt\dbt_project.yml
[0m20:21:13.941390 [info ] [MainThread]: adapter type: snowflake
[0m20:21:13.942132 [info ] [MainThread]: adapter version: 1.12.0
[0m20:21:14.043122 [info ] [MainThread]: Configuration:
[0m20:21:14.044083 [info ] [MainThread]:   profiles.yml file [[32mOK found and valid[0m]
[0m20:21:14.044656 [info ] [MainThread]:   dbt_project.yml file [[32mOK found and valid[0m]
[0m20:21:14.045086 [info ] [MainThread]: Required dependencies:
[0m20:21:14.045552 [debug] [MainThread]: Executing "git --help"
[0m20:21:14.052408 [info ] [MainThread]:  - git [[31mERROR[0m]

[0m20:21:14.053093 [info ] [MainThread]: Connection:
[0m20:21:14.053768 [info ] [MainThread]:   account: ibaayxn-vj30510
[0m20:21:14.054278 [info ] [MainThread]:   user: NOMESH16
[0m20:21:14.054913 [info ] [MainThread]:   database: ATMOSYNC_DB
[0m20:21:14.055561 [info ] [MainThread]:   warehouse: COMPUTE_WH
[0m20:21:14.056465 [info ] [MainThread]:   role: ACCOUNTADMIN
[0m20:21:14.057592 [info ] [MainThread]:   schema: ANALYTICS
[0m20:21:14.058117 [info ] [MainThread]:   authenticator: None
[0m20:21:14.058696 [info ] [MainThread]:   oauth_client_id: None
[0m20:21:14.059142 [info ] [MainThread]:   query_tag: None
[0m20:21:14.059477 [info ] [MainThread]:   client_session_keep_alive: False
[0m20:21:14.059742 [info ] [MainThread]:   host: None
[0m20:21:14.059988 [info ] [MainThread]:   port: None
[0m20:21:14.060253 [info ] [MainThread]:   proxy_host: None
[0m20:21:14.060506 [info ] [MainThread]:   proxy_port: None
[0m20:21:14.060761 [info ] [MainThread]:   protocol: None
[0m20:21:14.061004 [info ] [MainThread]:   connect_retries: 1
[0m20:21:14.061255 [info ] [MainThread]:   connect_timeout: None
[0m20:21:14.061504 [info ] [MainThread]:   retry_on_database_errors: False
[0m20:21:14.061768 [info ] [MainThread]:   retry_all: False
[0m20:21:14.062011 [info ] [MainThread]:   insecure_mode: False
[0m20:21:14.062275 [info ] [MainThread]:   reuse_connections: True
[0m20:21:14.062519 [info ] [MainThread]:   s3_stage_vpce_dns_name: None
[0m20:21:14.062771 [info ] [MainThread]:   workload_identity_provider: None
[0m20:21:14.063016 [info ] [MainThread]:   workload_identity_entra_resource: None
[0m20:21:14.063295 [info ] [MainThread]:   platform_detection_timeout_seconds: 0.0
[0m20:21:14.063736 [info ] [MainThread]: Registered adapter: snowflake=1.12.0
[0m20:21:14.386621 [debug] [MainThread]: Acquiring new snowflake connection 'debug'
[0m20:21:14.389110 [debug] [MainThread]: Using snowflake connection "debug"
[0m20:21:14.389455 [debug] [MainThread]: On debug: select 1 as id
[0m20:21:14.389720 [debug] [MainThread]: Opening a new connection, currently in state init
[0m20:21:15.413012 [debug] [MainThread]: SQL status: SUCCESS 1 in 1.023 seconds
[0m20:21:15.414433 [info ] [MainThread]:   Connection test: [[32mOK connection ok[0m]

[0m20:21:15.415252 [info ] [MainThread]: [31m1 check failed:[0m
[0m20:21:15.416053 [info ] [MainThread]: Error from git --help: Could not find command, ensure it is in the user's PATH and that the user has permissions to run it: "git"

[0m20:21:15.417525 [debug] [MainThread]: Command `dbt debug` failed at 20:21:15.417317 after 2.88 seconds
[0m20:21:15.418078 [debug] [MainThread]: Connection 'debug' was left open.
[0m20:21:15.418527 [debug] [MainThread]: On debug: Close
[0m20:21:15.708270 [debug] [MainThread]: Sending event: {'category': 'dbt', 'action': 'invocation', 'label': 'end', 'context': [<snowplow_tracker.self_describing_json.SelfDescribingJson object at 0x0000027071AE09D0>, <snowplow_tracker.self_describing_json.SelfDescribingJson object at 0x000002705A748A70>, <snowplow_tracker.self_describing_json.SelfDescribingJson object at 0x000002707190EBE0>]}
[0m20:21:15.708843 [debug] [MainThread]: Flushing usage events
[0m20:21:17.319767 [debug] [MainThread]: An error was encountered while trying to flush usage events
[0m20:30:00.469855 [debug] [MainThread]: Sending event: {'category': 'dbt', 'action': 'invocation', 'label': 'start', 'context': [<snowplow_tracker.self_describing_json.SelfDescribingJson object at 0x000002CF4138C830>, <snowplow_tracker.self_describing_json.SelfDescribingJson object at 0x000002CF3EC90CD0>, <snowplow_tracker.self_describing_json.SelfDescribingJson object at 0x000002CF43BDF890>]}


============================== 20:30:00.474247 | 80c5152a-c061-4e1b-800b-ec24e8b41be0 ==============================
[0m20:30:00.474247 [info ] [MainThread]: Running with dbt=1.12.0
[0m20:30:00.474889 [debug] [MainThread]: running dbt with arguments {'maximum_seed_size_mib': '1', 'no_print': 'None', 'version_check': 'True', 'warn_error_options': 'WarnErrorOptionsV2(error=[], warn=[], silence=[])', 'static_parser': 'True', 'target_path': 'None', 'printer_width': '80', 'write_json': 'True', 'introspect': 'True', 'log_cache_events': 'False', 'empty': 'False', 'cache_selected_only': 'False', 'log_format': 'default', 'debug': 'False', 'fail_fast': 'False', 'profiles_dir': 'C:\\Users\\HP\\.dbt', 'send_anonymous_usage_stats': 'True', 'quiet': 'False', 'warn_error': 'None', 'partial_parse': 'True', 'use_colors': 'True', 'hints_enabled': 'True', 'indirect_selection': 'eager', 'use_experimental_parser': 'False', 'invocation_command': 'dbt run --select stg_container_telemetry', 'log_path': 'D:\\Infotact solutions\\Project\\AtmoSync - analytics\\atmosync_dbt\\logs'}
[0m20:30:01.334859 [debug] [MainThread]: Snowflake adapter: Setting snowflake.connector to ERROR (file logging only)
[0m20:30:01.335514 [debug] [MainThread]: Snowflake adapter: Setting botocore to ERROR (file logging only)
[0m20:30:01.335829 [debug] [MainThread]: Snowflake adapter: Setting boto3 to ERROR (file logging only)
[0m20:30:01.719682 [debug] [MainThread]: Sending event: {'category': 'dbt', 'action': 'project_id', 'label': '80c5152a-c061-4e1b-800b-ec24e8b41be0', 'context': [<snowplow_tracker.self_describing_json.SelfDescribingJson object at 0x000002CF5240CB00>]}
[0m20:30:01.776213 [debug] [MainThread]: Sending event: {'category': 'dbt', 'action': 'adapter_info', 'label': '80c5152a-c061-4e1b-800b-ec24e8b41be0', 'context': [<snowplow_tracker.self_describing_json.SelfDescribingJson object at 0x000002CF55A7FF00>]}
[0m20:30:01.777824 [info ] [MainThread]: Registered adapter: snowflake=1.12.0
[0m20:30:02.149821 [debug] [MainThread]: checksum: 44cfe2fe4a21c7df33efd3500815905e782cd1dfc95fd168940d6cd5a95f23b5, vars: {}, profile: atmosync_dbt, target: dev, version: 1.12.0
[0m20:30:02.150845 [info ] [MainThread]: Unable to do partial parsing because saved manifest not found. Starting full parse.
[0m20:30:02.151298 [debug] [MainThread]: Sending event: {'category': 'dbt', 'action': 'partial_parser', 'label': '80c5152a-c061-4e1b-800b-ec24e8b41be0', 'context': [<snowplow_tracker.self_describing_json.SelfDescribingJson object at 0x000002CF5596EF50>]}
[0m20:30:06.259871 [debug] [MainThread]: Sending event: {'category': 'dbt', 'action': 'load_project', 'label': '80c5152a-c061-4e1b-800b-ec24e8b41be0', 'context': [<snowplow_tracker.self_describing_json.SelfDescribingJson object at 0x000002CF5601D130>]}
[0m20:30:06.378037 [debug] [MainThread]: Wrote artifact WritableManifest to D:\Infotact solutions\Project\AtmoSync - analytics\atmosync_dbt\target\manifest.json
[0m20:30:06.417694 [debug] [MainThread]: Wrote artifact SemanticManifest to D:\Infotact solutions\Project\AtmoSync - analytics\atmosync_dbt\target\semantic_manifest.json
[0m20:30:06.473804 [debug] [MainThread]: Wrote artifact OsiDocument to D:\Infotact solutions\Project\AtmoSync - analytics\atmosync_dbt\target\osi_document.json
[0m20:30:06.495032 [debug] [MainThread]: Sending event: {'category': 'dbt', 'action': 'resource_counts', 'label': '80c5152a-c061-4e1b-800b-ec24e8b41be0', 'context': [<snowplow_tracker.self_describing_json.SelfDescribingJson object at 0x000002CF579F5FD0>]}
[0m20:30:06.495582 [info ] [MainThread]: Found 3 models, 4 data tests, 2 sources, 545 macros
[0m20:30:06.496171 [debug] [MainThread]: Sending event: {'category': 'dbt', 'action': 'runnable_timing', 'label': '80c5152a-c061-4e1b-800b-ec24e8b41be0', 'context': [<snowplow_tracker.self_describing_json.SelfDescribingJson object at 0x000002CF560AB5F0>]}
[0m20:30:06.498071 [info ] [MainThread]: 
[0m20:30:06.498668 [info ] [MainThread]: Concurrency: 4 threads (target='dev')
[0m20:30:06.499167 [info ] [MainThread]: 
[0m20:30:06.499872 [debug] [MainThread]: Acquiring new snowflake connection 'master'
[0m20:30:06.501134 [debug] [ThreadPool]: Acquiring new snowflake connection 'list_ATMOSYNC_DB'
[0m20:30:06.516930 [debug] [ThreadPool]: Using snowflake connection "list_ATMOSYNC_DB"
[0m20:30:06.517401 [debug] [ThreadPool]: On list_ATMOSYNC_DB: show terse schemas in database ATMOSYNC_DB
    limit 10000
/* {"app": "dbt", "dbt_version": "1.12.0", "profile_name": "atmosync_dbt", "target_name": "dev", "connection_name": "list_ATMOSYNC_DB"} */
[0m20:30:06.517758 [debug] [ThreadPool]: Opening a new connection, currently in state init
[0m20:30:08.862240 [debug] [ThreadPool]: SQL status: SUCCESS 4 in 2.344 seconds
[0m20:30:08.870115 [debug] [ThreadPool]: Acquiring new snowflake connection 'list_ATMOSYNC_DB_ANALYTICS'
[0m20:30:08.881002 [debug] [ThreadPool]: Using snowflake connection "list_ATMOSYNC_DB_ANALYTICS"
[0m20:30:08.881431 [debug] [ThreadPool]: On list_ATMOSYNC_DB_ANALYTICS: show objects in ATMOSYNC_DB.ANALYTICS
    limit 10000
    

/* {"app": "dbt", "dbt_version": "1.12.0", "profile_name": "atmosync_dbt", "target_name": "dev", "connection_name": "list_ATMOSYNC_DB_ANALYTICS"} */;
[0m20:30:08.881714 [debug] [ThreadPool]: Opening a new connection, currently in state init
[0m20:30:09.531524 [debug] [ThreadPool]: SQL status: SUCCESS 0 in 0.650 seconds
[0m20:30:09.536097 [debug] [ThreadPool]: Using snowflake connection "list_ATMOSYNC_DB_ANALYTICS"
[0m20:30:09.536427 [debug] [ThreadPool]: On list_ATMOSYNC_DB_ANALYTICS: show user functions in ATMOSYNC_DB.ANALYTICS
/* {"app": "dbt", "dbt_version": "1.12.0", "profile_name": "atmosync_dbt", "target_name": "dev", "connection_name": "list_ATMOSYNC_DB_ANALYTICS"} */
[0m20:30:09.737808 [debug] [ThreadPool]: SQL status: SUCCESS 0 in 0.201 seconds
[0m20:30:09.739778 [debug] [MainThread]: Sending event: {'category': 'dbt', 'action': 'runnable_timing', 'label': '80c5152a-c061-4e1b-800b-ec24e8b41be0', 'context': [<snowplow_tracker.self_describing_json.SelfDescribingJson object at 0x000002CF57CB9550>]}
[0m20:30:09.746109 [debug] [Thread-2 (]: Began running node model.atmosync_dbt.stg_container_telemetry
[0m20:30:09.746635 [info ] [Thread-2 (]: 1 of 1 START sql view model ANALYTICS.stg_container_telemetry .................. [RUN]
[0m20:30:09.747334 [debug] [Thread-2 (]: Acquiring new snowflake connection 'model.atmosync_dbt.stg_container_telemetry'
[0m20:30:09.747649 [debug] [Thread-2 (]: Began compiling node model.atmosync_dbt.stg_container_telemetry
[0m20:30:09.752727 [debug] [Thread-2 (]: Writing injected SQL for node "model.atmosync_dbt.stg_container_telemetry"
[0m20:30:09.757133 [debug] [Thread-2 (]: Began executing node model.atmosync_dbt.stg_container_telemetry
[0m20:30:09.786553 [debug] [Thread-2 (]: Writing runtime sql for node "model.atmosync_dbt.stg_container_telemetry"
[0m20:30:09.790773 [debug] [Thread-2 (]: Using snowflake connection "model.atmosync_dbt.stg_container_telemetry"
[0m20:30:09.791263 [debug] [Thread-2 (]: On model.atmosync_dbt.stg_container_telemetry: create or replace   view ATMOSYNC_DB.ANALYTICS.stg_container_telemetry
  
  
  
  
  as (
    WITH raw_source AS (
    SELECT * FROM ATMOSYNC_DB.RAW.RAW_CONTAINER_TELEMETRY
)

SELECT
    raw_payload:event_id::STRING AS event_id,
    raw_payload:container_id::STRING AS container_id,
    raw_payload:commodity::STRING AS commodity,
    raw_payload:timestamp::TIMESTAMP AS event_timestamp,
    raw_payload:telemetry.temperature_c::FLOAT AS temperature_c,
    raw_payload:telemetry.humidity_pct::FLOAT AS humidity_pct,
    raw_payload:telemetry.vibration_g::FLOAT AS vibration_g,
    raw_payload:location.latitude::FLOAT AS latitude,
    raw_payload:location.longitude::FLOAT AS longitude,
    ingested_at
FROM raw_source
  )
/* {"app": "dbt", "dbt_version": "1.12.0", "profile_name": "atmosync_dbt", "target_name": "dev", "node_id": "model.atmosync_dbt.stg_container_telemetry"} */;
[0m20:30:09.791650 [debug] [Thread-2 (]: Opening a new connection, currently in state init
[0m20:30:11.557491 [debug] [Thread-2 (]: SQL status: SUCCESS 1 in 1.766 seconds
[0m20:30:11.591573 [debug] [Thread-2 (]: Sending event: {'category': 'dbt', 'action': 'run_model', 'label': '80c5152a-c061-4e1b-800b-ec24e8b41be0', 'context': [<snowplow_tracker.self_describing_json.SelfDescribingJson object at 0x000002CF41828470>]}
[0m20:30:11.593075 [info ] [Thread-2 (]: 1 of 1 OK created sql view model ANALYTICS.stg_container_telemetry ............. [[32mSUCCESS 1[0m in 1.83s]
[0m20:30:11.594554 [debug] [Thread-2 (]: Finished running node model.atmosync_dbt.stg_container_telemetry
[0m20:30:11.596219 [debug] [MainThread]: Connection 'master' was properly closed.
[0m20:30:11.596518 [debug] [MainThread]: Connection 'list_ATMOSYNC_DB' was left open.
[0m20:30:11.596769 [debug] [MainThread]: On list_ATMOSYNC_DB: Close
[0m20:30:11.824081 [debug] [MainThread]: Connection 'list_ATMOSYNC_DB_ANALYTICS' was left open.
[0m20:30:11.824523 [debug] [MainThread]: On list_ATMOSYNC_DB_ANALYTICS: Close
[0m20:30:12.092904 [debug] [MainThread]: Connection 'model.atmosync_dbt.stg_container_telemetry' was left open.
[0m20:30:12.093487 [debug] [MainThread]: On model.atmosync_dbt.stg_container_telemetry: Close
[0m20:30:12.339726 [info ] [MainThread]: 
[0m20:30:12.341240 [info ] [MainThread]: Finished running 1 view model in 0 hours 0 minutes and 5.84 seconds (5.84s).
[0m20:30:12.342700 [debug] [MainThread]: Command end result
[0m20:30:12.376525 [debug] [MainThread]: Wrote artifact WritableManifest to D:\Infotact solutions\Project\AtmoSync - analytics\atmosync_dbt\target\manifest.json
[0m20:30:12.379700 [debug] [MainThread]: Wrote artifact SemanticManifest to D:\Infotact solutions\Project\AtmoSync - analytics\atmosync_dbt\target\semantic_manifest.json
[0m20:30:12.382758 [debug] [MainThread]: Wrote artifact OsiDocument to D:\Infotact solutions\Project\AtmoSync - analytics\atmosync_dbt\target\osi_document.json
[0m20:30:12.389105 [debug] [MainThread]: Wrote artifact RunExecutionResult to D:\Infotact solutions\Project\AtmoSync - analytics\atmosync_dbt\target\run_results.json
[0m20:30:12.389481 [info ] [MainThread]: 
[0m20:30:12.389974 [info ] [MainThread]: [32mCompleted successfully[0m
[0m20:30:12.390426 [info ] [MainThread]: 
[0m20:30:12.390903 [info ] [MainThread]: Done. PASS=1 WARN=0 ERROR=0 SKIP=0 NO-OP=0 REUSED=0 TOTAL=1
[0m20:30:12.391740 [debug] [MainThread]: Command `dbt run` succeeded at 20:30:12.391604 after 12.09 seconds
[0m20:30:12.392146 [debug] [MainThread]: Sending event: {'category': 'dbt', 'action': 'invocation', 'label': 'end', 'context': [<snowplow_tracker.self_describing_json.SelfDescribingJson object at 0x000002CF574B2FD0>, <snowplow_tracker.self_describing_json.SelfDescribingJson object at 0x000002CF57CD7410>, <snowplow_tracker.self_describing_json.SelfDescribingJson object at 0x000002CF579AC0D0>]}
[0m20:30:12.392455 [debug] [MainThread]: Flushing usage events
[0m20:30:14.067017 [debug] [MainThread]: An error was encountered while trying to flush usage events
[0m20:34:48.747058 [debug] [MainThread]: Sending event: {'category': 'dbt', 'action': 'invocation', 'label': 'start', 'context': [<snowplow_tracker.self_describing_json.SelfDescribingJson object at 0x0000017C2CB2C830>, <snowplow_tracker.self_describing_json.SelfDescribingJson object at 0x0000017C2A430B90>, <snowplow_tracker.self_describing_json.SelfDescribingJson object at 0x0000017C2F37F890>]}


============================== 20:34:48.751189 | 21d1e974-f5d7-4bb1-a890-abaaafc67be5 ==============================
[0m20:34:48.751189 [info ] [MainThread]: Running with dbt=1.12.0
[0m20:34:48.751826 [debug] [MainThread]: running dbt with arguments {'static_parser': 'True', 'no_print': 'None', 'version_check': 'True', 'warn_error_options': 'WarnErrorOptionsV2(error=[], warn=[], silence=[])', 'target_path': 'None', 'maximum_seed_size_mib': '1', 'printer_width': '80', 'write_json': 'True', 'introspect': 'True', 'log_cache_events': 'False', 'empty': 'False', 'cache_selected_only': 'False', 'fail_fast': 'False', 'debug': 'False', 'log_format': 'default', 'profiles_dir': 'C:\\Users\\HP\\.dbt', 'send_anonymous_usage_stats': 'True', 'quiet': 'False', 'warn_error': 'None', 'partial_parse': 'True', 'invocation_command': 'dbt run', 'hints_enabled': 'True', 'indirect_selection': 'eager', 'use_experimental_parser': 'False', 'use_colors': 'True', 'log_path': 'D:\\Infotact solutions\\Project\\AtmoSync - analytics\\atmosync_dbt\\logs'}
[0m20:34:49.537892 [debug] [MainThread]: Snowflake adapter: Setting snowflake.connector to ERROR (file logging only)
[0m20:34:49.538445 [debug] [MainThread]: Snowflake adapter: Setting botocore to ERROR (file logging only)
[0m20:34:49.538759 [debug] [MainThread]: Snowflake adapter: Setting boto3 to ERROR (file logging only)
[0m20:34:49.802372 [debug] [MainThread]: Sending event: {'category': 'dbt', 'action': 'project_id', 'label': '21d1e974-f5d7-4bb1-a890-abaaafc67be5', 'context': [<snowplow_tracker.self_describing_json.SelfDescribingJson object at 0x0000017C3DB9CB00>]}
[0m20:34:49.858620 [debug] [MainThread]: Sending event: {'category': 'dbt', 'action': 'adapter_info', 'label': '21d1e974-f5d7-4bb1-a890-abaaafc67be5', 'context': [<snowplow_tracker.self_describing_json.SelfDescribingJson object at 0x0000017C4120FF00>]}
[0m20:34:49.860415 [info ] [MainThread]: Registered adapter: snowflake=1.12.0
[0m20:34:50.210738 [debug] [MainThread]: checksum: 44cfe2fe4a21c7df33efd3500815905e782cd1dfc95fd168940d6cd5a95f23b5, vars: {}, profile: atmosync_dbt, target: dev, version: 1.12.0
[0m20:34:50.445992 [debug] [MainThread]: Partial parsing enabled: 0 files deleted, 1 files added, 0 files changed.
[0m20:34:50.446537 [debug] [MainThread]: Partial parsing: added file: atmosync_dbt://models\marts\fct_spoilage_arbitrage.sql
[0m20:34:50.727608 [debug] [MainThread]: Sending event: {'category': 'dbt', 'action': 'load_project', 'label': '21d1e974-f5d7-4bb1-a890-abaaafc67be5', 'context': [<snowplow_tracker.self_describing_json.SelfDescribingJson object at 0x0000017C41672250>]}
[0m20:34:50.819816 [debug] [MainThread]: Wrote artifact WritableManifest to D:\Infotact solutions\Project\AtmoSync - analytics\atmosync_dbt\target\manifest.json
[0m20:34:50.823192 [debug] [MainThread]: Wrote artifact SemanticManifest to D:\Infotact solutions\Project\AtmoSync - analytics\atmosync_dbt\target\semantic_manifest.json
[0m20:34:50.850738 [debug] [MainThread]: Wrote artifact OsiDocument to D:\Infotact solutions\Project\AtmoSync - analytics\atmosync_dbt\target\osi_document.json
[0m20:34:50.862086 [debug] [MainThread]: Sending event: {'category': 'dbt', 'action': 'resource_counts', 'label': '21d1e974-f5d7-4bb1-a890-abaaafc67be5', 'context': [<snowplow_tracker.self_describing_json.SelfDescribingJson object at 0x0000017C41A1F6B0>]}
[0m20:34:50.862712 [info ] [MainThread]: Found 4 models, 4 data tests, 2 sources, 545 macros
[0m20:34:50.863205 [debug] [MainThread]: Sending event: {'category': 'dbt', 'action': 'runnable_timing', 'label': '21d1e974-f5d7-4bb1-a890-abaaafc67be5', 'context': [<snowplow_tracker.self_describing_json.SelfDescribingJson object at 0x0000017C41B9C830>]}
[0m20:34:50.865034 [info ] [MainThread]: 
[0m20:34:50.865466 [info ] [MainThread]: Concurrency: 4 threads (target='dev')
[0m20:34:50.865953 [info ] [MainThread]: 
[0m20:34:50.866644 [debug] [MainThread]: Acquiring new snowflake connection 'master'
[0m20:34:50.872278 [debug] [ThreadPool]: Acquiring new snowflake connection 'list_ATMOSYNC_DB'
[0m20:34:50.887834 [debug] [ThreadPool]: Using snowflake connection "list_ATMOSYNC_DB"
[0m20:34:50.888190 [debug] [ThreadPool]: On list_ATMOSYNC_DB: show terse schemas in database ATMOSYNC_DB
    limit 10000
/* {"app": "dbt", "dbt_version": "1.12.0", "profile_name": "atmosync_dbt", "target_name": "dev", "connection_name": "list_ATMOSYNC_DB"} */
[0m20:34:50.888448 [debug] [ThreadPool]: Opening a new connection, currently in state init
[0m20:34:52.883831 [debug] [ThreadPool]: SQL status: SUCCESS 4 in 1.995 seconds
[0m20:34:52.888379 [debug] [ThreadPool]: Acquiring new snowflake connection 'list_ATMOSYNC_DB_ANALYTICS'
[0m20:34:52.900778 [debug] [ThreadPool]: Using snowflake connection "list_ATMOSYNC_DB_ANALYTICS"
[0m20:34:52.901299 [debug] [ThreadPool]: On list_ATMOSYNC_DB_ANALYTICS: show objects in ATMOSYNC_DB.ANALYTICS
    limit 10000
    

/* {"app": "dbt", "dbt_version": "1.12.0", "profile_name": "atmosync_dbt", "target_name": "dev", "connection_name": "list_ATMOSYNC_DB_ANALYTICS"} */;
[0m20:34:52.901690 [debug] [ThreadPool]: Opening a new connection, currently in state init
[0m20:34:54.329801 [debug] [ThreadPool]: SQL status: SUCCESS 1 in 1.428 seconds
[0m20:34:54.336077 [debug] [ThreadPool]: Using snowflake connection "list_ATMOSYNC_DB_ANALYTICS"
[0m20:34:54.336776 [debug] [ThreadPool]: On list_ATMOSYNC_DB_ANALYTICS: show user functions in ATMOSYNC_DB.ANALYTICS
/* {"app": "dbt", "dbt_version": "1.12.0", "profile_name": "atmosync_dbt", "target_name": "dev", "connection_name": "list_ATMOSYNC_DB_ANALYTICS"} */
[0m20:34:54.519333 [debug] [ThreadPool]: SQL status: SUCCESS 0 in 0.182 seconds
[0m20:34:54.521459 [debug] [MainThread]: Sending event: {'category': 'dbt', 'action': 'runnable_timing', 'label': '21d1e974-f5d7-4bb1-a890-abaaafc67be5', 'context': [<snowplow_tracker.self_describing_json.SelfDescribingJson object at 0x0000017C41BCC530>]}
[0m20:34:54.525711 [debug] [Thread-3 (]: Began running node model.atmosync_dbt.stg_container_telemetry
[0m20:34:54.526490 [debug] [Thread-2 (]: Began running node model.atmosync_dbt.my_first_dbt_model
[0m20:34:54.527006 [info ] [Thread-3 (]: 2 of 4 START sql view model ANALYTICS.stg_container_telemetry .................. [RUN]
[0m20:34:54.528092 [debug] [Thread-3 (]: Acquiring new snowflake connection 'model.atmosync_dbt.stg_container_telemetry'
[0m20:34:54.528440 [debug] [Thread-3 (]: Began compiling node model.atmosync_dbt.stg_container_telemetry
[0m20:34:54.534277 [debug] [Thread-3 (]: Writing injected SQL for node "model.atmosync_dbt.stg_container_telemetry"
[0m20:34:54.527441 [info ] [Thread-2 (]: 1 of 4 START sql table model ANALYTICS.my_first_dbt_model ...................... [RUN]
[0m20:34:54.535272 [debug] [Thread-2 (]: Acquiring new snowflake connection 'model.atmosync_dbt.my_first_dbt_model'
[0m20:34:54.535776 [debug] [Thread-2 (]: Began compiling node model.atmosync_dbt.my_first_dbt_model
[0m20:34:54.538156 [debug] [Thread-2 (]: Writing injected SQL for node "model.atmosync_dbt.my_first_dbt_model"
[0m20:34:54.539140 [debug] [Thread-3 (]: Began executing node model.atmosync_dbt.stg_container_telemetry
[0m20:34:54.572539 [debug] [Thread-3 (]: Writing runtime sql for node "model.atmosync_dbt.stg_container_telemetry"
[0m20:34:54.573255 [debug] [Thread-2 (]: Began executing node model.atmosync_dbt.my_first_dbt_model
[0m20:34:54.597172 [debug] [Thread-2 (]: Writing runtime sql for node "model.atmosync_dbt.my_first_dbt_model"
[0m20:34:54.598655 [debug] [Thread-3 (]: Using snowflake connection "model.atmosync_dbt.stg_container_telemetry"
[0m20:34:54.599145 [debug] [Thread-3 (]: On model.atmosync_dbt.stg_container_telemetry: create or replace   view ATMOSYNC_DB.ANALYTICS.stg_container_telemetry
  
  
  
  
  as (
    WITH raw_source AS (
    SELECT * FROM ATMOSYNC_DB.RAW.RAW_CONTAINER_TELEMETRY
)

SELECT
    raw_payload:event_id::STRING AS event_id,
    raw_payload:container_id::STRING AS container_id,
    raw_payload:commodity::STRING AS commodity,
    raw_payload:timestamp::TIMESTAMP AS event_timestamp,
    raw_payload:telemetry.temperature_c::FLOAT AS temperature_c,
    raw_payload:telemetry.humidity_pct::FLOAT AS humidity_pct,
    raw_payload:telemetry.vibration_g::FLOAT AS vibration_g,
    raw_payload:location.latitude::FLOAT AS latitude,
    raw_payload:location.longitude::FLOAT AS longitude,
    ingested_at
FROM raw_source
  )
/* {"app": "dbt", "dbt_version": "1.12.0", "profile_name": "atmosync_dbt", "target_name": "dev", "node_id": "model.atmosync_dbt.stg_container_telemetry"} */;
[0m20:34:54.599498 [debug] [Thread-3 (]: Opening a new connection, currently in state init
[0m20:34:54.601895 [debug] [Thread-2 (]: Using snowflake connection "model.atmosync_dbt.my_first_dbt_model"
[0m20:34:54.602331 [debug] [Thread-2 (]: On model.atmosync_dbt.my_first_dbt_model: create or replace transient table ATMOSYNC_DB.ANALYTICS.my_first_dbt_model
    
    
    
    
    

    as (/*
    Welcome to your first dbt model!
    Did you know that you can also configure models directly within SQL files?
    This will override configurations stated in dbt_project.yml

    Try changing "table" to "view" below
*/



with source_data as (

    select 1 as id
    union all
    select null as id

)

select *
from source_data

/*
    Uncomment the line below to remove records with null `id` values
*/

-- where id is not null
    )

/* {"app": "dbt", "dbt_version": "1.12.0", "profile_name": "atmosync_dbt", "target_name": "dev", "node_id": "model.atmosync_dbt.my_first_dbt_model"} */;
[0m20:34:54.602665 [debug] [Thread-2 (]: Opening a new connection, currently in state init
[0m20:34:55.680417 [debug] [Thread-3 (]: SQL status: SUCCESS 1 in 1.081 seconds
[0m20:34:55.703962 [debug] [Thread-3 (]: Sending event: {'category': 'dbt', 'action': 'run_model', 'label': '21d1e974-f5d7-4bb1-a890-abaaafc67be5', 'context': [<snowplow_tracker.self_describing_json.SelfDescribingJson object at 0x0000017C41B5A8D0>]}
[0m20:34:55.704605 [info ] [Thread-3 (]: 2 of 4 OK created sql view model ANALYTICS.stg_container_telemetry ............. [[32mSUCCESS 1[0m in 1.17s]
[0m20:34:55.705311 [debug] [Thread-3 (]: Finished running node model.atmosync_dbt.stg_container_telemetry
[0m20:34:55.705823 [debug] [Thread-4 (]: Began running node model.atmosync_dbt.fct_spoilage_arbitrage
[0m20:34:55.706199 [info ] [Thread-4 (]: 3 of 4 START sql view model ANALYTICS.fct_spoilage_arbitrage ................... [RUN]
[0m20:34:55.706776 [debug] [Thread-4 (]: Acquiring new snowflake connection 'model.atmosync_dbt.fct_spoilage_arbitrage'
[0m20:34:55.707059 [debug] [Thread-4 (]: Began compiling node model.atmosync_dbt.fct_spoilage_arbitrage
[0m20:34:55.709209 [debug] [Thread-4 (]: Writing injected SQL for node "model.atmosync_dbt.fct_spoilage_arbitrage"
[0m20:34:55.710460 [debug] [Thread-4 (]: Began executing node model.atmosync_dbt.fct_spoilage_arbitrage
[0m20:34:55.712523 [debug] [Thread-4 (]: Writing runtime sql for node "model.atmosync_dbt.fct_spoilage_arbitrage"
[0m20:34:55.715732 [debug] [Thread-4 (]: Using snowflake connection "model.atmosync_dbt.fct_spoilage_arbitrage"
[0m20:34:55.716206 [debug] [Thread-4 (]: On model.atmosync_dbt.fct_spoilage_arbitrage: create or replace   view ATMOSYNC_DB.ANALYTICS.fct_spoilage_arbitrage
  
  
  
  
  as (
    WITH latest_telemetry AS (
    SELECT 
        container_id,
        commodity,
        temperature_c,
        humidity_pct,
        latitude,
        longitude,
        event_timestamp,
        ROW_NUMBER() OVER (PARTITION BY container_id ORDER BY event_timestamp DESC) as rn
    FROM ATMOSYNC_DB.ANALYTICS.stg_container_telemetry
),

current_status AS (
    SELECT * 
    FROM latest_telemetry 
    WHERE rn = 1
),

calculated_risk AS (
    SELECT 
        t.container_id,
        t.commodity,
        t.temperature_c,
        t.latitude AS current_lat,
        t.longitude AS current_lon,
        t.event_timestamp,
        
        -- Quality degradation: 12.5% loss per degree above 6.0°C threshold
        CASE 
            WHEN t.temperature_c > 6.0 THEN GREATEST(0, (t.temperature_c - 6.0) * 12.5)
            ELSE 0 
        END AS quality_degradation_pct,
        
        -- Thermal risk classification
        CASE 
            WHEN t.temperature_c > 6.0 THEN 'CRITICAL - HIGH SPOILAGE'
            WHEN t.temperature_c > 4.5 THEN 'WARNING - TEMP DRIFT'
            ELSE 'OPTIMAL'
        END AS thermal_status
    FROM current_status t
)

SELECT 
    cr.container_id,
    cr.commodity,
    cr.temperature_c,
    cr.current_lat,
    cr.current_lon,
    cr.event_timestamp,
    cr.quality_degradation_pct,
    cr.thermal_status,
    mp.market_id AS recommended_reroute_market,
    mp.market_name,
    mp.base_price_per_ton,
    
    -- Calculated Salvage Value (Remaining market value per ton)
    ROUND(mp.base_price_per_ton * (1 - (cr.quality_degradation_pct / 100.0)), 2) AS salvage_value_per_ton,
    
    -- Estimated Financial Loss Prevented per ton by rerouting
    ROUND(mp.base_price_per_ton * (cr.quality_degradation_pct / 100.0), 2) AS arbitrage_loss_prevented
FROM calculated_risk cr
CROSS JOIN ATMOSYNC_DB.RAW.MARKET_PRICING mp
WHERE mp.commodity = cr.commodity
  AND mp.market_id = CASE 
                        WHEN cr.thermal_status = 'CRITICAL - HIGH SPOILAGE' THEN 'MKT-LIS' 
                        ELSE 'MKT-ROT' 
                     END
  )
/* {"app": "dbt", "dbt_version": "1.12.0", "profile_name": "atmosync_dbt", "target_name": "dev", "node_id": "model.atmosync_dbt.fct_spoilage_arbitrage"} */;
[0m20:34:55.716587 [debug] [Thread-4 (]: Opening a new connection, currently in state init
[0m20:34:57.634307 [debug] [Thread-4 (]: SQL status: SUCCESS 1 in 1.917 seconds
[0m20:34:57.638881 [debug] [Thread-4 (]: Sending event: {'category': 'dbt', 'action': 'run_model', 'label': '21d1e974-f5d7-4bb1-a890-abaaafc67be5', 'context': [<snowplow_tracker.self_describing_json.SelfDescribingJson object at 0x0000017C42E98680>]}
[0m20:34:57.640023 [info ] [Thread-4 (]: 3 of 4 OK created sql view model ANALYTICS.fct_spoilage_arbitrage .............. [[32mSUCCESS 1[0m in 1.93s]
[0m20:34:57.641749 [debug] [Thread-4 (]: Finished running node model.atmosync_dbt.fct_spoilage_arbitrage
[0m20:34:57.719371 [debug] [Thread-2 (]: SQL status: SUCCESS 2 in 3.117 seconds
[0m20:34:57.721388 [debug] [Thread-2 (]: Sending event: {'category': 'dbt', 'action': 'run_model', 'label': '21d1e974-f5d7-4bb1-a890-abaaafc67be5', 'context': [<snowplow_tracker.self_describing_json.SelfDescribingJson object at 0x0000017C42D59EF0>]}
[0m20:34:57.721996 [info ] [Thread-2 (]: 1 of 4 OK created sql table model ANALYTICS.my_first_dbt_model ................. [[32mSUCCESS 2[0m in 3.19s]
[0m20:34:57.722639 [debug] [Thread-2 (]: Finished running node model.atmosync_dbt.my_first_dbt_model
[0m20:34:57.723482 [debug] [Thread-5 (]: Began running node model.atmosync_dbt.my_second_dbt_model
[0m20:34:57.723969 [info ] [Thread-5 (]: 4 of 4 START sql view model ANALYTICS.my_second_dbt_model ...................... [RUN]
[0m20:34:57.724637 [debug] [Thread-5 (]: Acquiring new snowflake connection 'model.atmosync_dbt.my_second_dbt_model'
[0m20:34:57.725047 [debug] [Thread-5 (]: Began compiling node model.atmosync_dbt.my_second_dbt_model
[0m20:34:57.727578 [debug] [Thread-5 (]: Writing injected SQL for node "model.atmosync_dbt.my_second_dbt_model"
[0m20:34:57.728632 [debug] [Thread-5 (]: Began executing node model.atmosync_dbt.my_second_dbt_model
[0m20:34:57.730590 [debug] [Thread-5 (]: Writing runtime sql for node "model.atmosync_dbt.my_second_dbt_model"
[0m20:34:57.731714 [debug] [Thread-5 (]: Using snowflake connection "model.atmosync_dbt.my_second_dbt_model"
[0m20:34:57.732124 [debug] [Thread-5 (]: On model.atmosync_dbt.my_second_dbt_model: create or replace   view ATMOSYNC_DB.ANALYTICS.my_second_dbt_model
  
  
  
  
  as (
    -- Use the `ref` function to select from other models

select *
from ATMOSYNC_DB.ANALYTICS.my_first_dbt_model
where id = 1
  )
/* {"app": "dbt", "dbt_version": "1.12.0", "profile_name": "atmosync_dbt", "target_name": "dev", "node_id": "model.atmosync_dbt.my_second_dbt_model"} */;
[0m20:34:57.732416 [debug] [Thread-5 (]: Opening a new connection, currently in state init
[0m20:34:59.314152 [debug] [Thread-5 (]: SQL status: SUCCESS 1 in 1.582 seconds
[0m20:34:59.316428 [debug] [Thread-5 (]: Sending event: {'category': 'dbt', 'action': 'run_model', 'label': '21d1e974-f5d7-4bb1-a890-abaaafc67be5', 'context': [<snowplow_tracker.self_describing_json.SelfDescribingJson object at 0x0000017C42E71F50>]}
[0m20:34:59.316972 [info ] [Thread-5 (]: 4 of 4 OK created sql view model ANALYTICS.my_second_dbt_model ................. [[32mSUCCESS 1[0m in 1.59s]
[0m20:34:59.317708 [debug] [Thread-5 (]: Finished running node model.atmosync_dbt.my_second_dbt_model
[0m20:34:59.319443 [debug] [MainThread]: Connection 'master' was properly closed.
[0m20:34:59.319828 [debug] [MainThread]: Connection 'list_ATMOSYNC_DB' was left open.
[0m20:34:59.320172 [debug] [MainThread]: On list_ATMOSYNC_DB: Close
[0m20:34:59.564026 [debug] [MainThread]: Connection 'list_ATMOSYNC_DB_ANALYTICS' was left open.
[0m20:34:59.564422 [debug] [MainThread]: On list_ATMOSYNC_DB_ANALYTICS: Close
[0m20:34:59.826782 [debug] [MainThread]: Connection 'model.atmosync_dbt.stg_container_telemetry' was left open.
[0m20:34:59.854795 [debug] [MainThread]: On model.atmosync_dbt.stg_container_telemetry: Close
[0m20:35:00.145941 [debug] [MainThread]: Connection 'model.atmosync_dbt.my_first_dbt_model' was left open.
[0m20:35:00.146411 [debug] [MainThread]: On model.atmosync_dbt.my_first_dbt_model: Close
[0m20:35:00.380830 [debug] [MainThread]: Connection 'model.atmosync_dbt.fct_spoilage_arbitrage' was left open.
[0m20:35:00.381255 [debug] [MainThread]: On model.atmosync_dbt.fct_spoilage_arbitrage: Close
[0m20:35:00.680985 [debug] [MainThread]: Connection 'model.atmosync_dbt.my_second_dbt_model' was left open.
[0m20:35:00.681415 [debug] [MainThread]: On model.atmosync_dbt.my_second_dbt_model: Close
[0m20:35:00.949247 [info ] [MainThread]: 
[0m20:35:00.950695 [info ] [MainThread]: Finished running 1 table model, 3 view models in 0 hours 0 minutes and 10.08 seconds (10.08s).
[0m20:35:00.952516 [debug] [MainThread]: Command end result
[0m20:35:00.990648 [debug] [MainThread]: Wrote artifact WritableManifest to D:\Infotact solutions\Project\AtmoSync - analytics\atmosync_dbt\target\manifest.json
[0m20:35:00.995166 [debug] [MainThread]: Wrote artifact SemanticManifest to D:\Infotact solutions\Project\AtmoSync - analytics\atmosync_dbt\target\semantic_manifest.json
[0m20:35:00.998683 [debug] [MainThread]: Wrote artifact OsiDocument to D:\Infotact solutions\Project\AtmoSync - analytics\atmosync_dbt\target\osi_document.json
[0m20:35:01.006168 [debug] [MainThread]: Wrote artifact RunExecutionResult to D:\Infotact solutions\Project\AtmoSync - analytics\atmosync_dbt\target\run_results.json
[0m20:35:01.006705 [info ] [MainThread]: 
[0m20:35:01.007445 [info ] [MainThread]: [32mCompleted successfully[0m
[0m20:35:01.008078 [info ] [MainThread]: 
[0m20:35:01.008649 [info ] [MainThread]: Done. PASS=4 WARN=0 ERROR=0 SKIP=0 NO-OP=0 REUSED=0 TOTAL=4
[0m20:35:01.009593 [debug] [MainThread]: Command `dbt run` succeeded at 20:35:01.009453 after 12.40 seconds
[0m20:35:01.010010 [debug] [MainThread]: Sending event: {'category': 'dbt', 'action': 'invocation', 'label': 'end', 'context': [<snowplow_tracker.self_describing_json.SelfDescribingJson object at 0x0000017C2F3A27B0>, <snowplow_tracker.self_describing_json.SelfDescribingJson object at 0x0000017C2F168C20>, <snowplow_tracker.self_describing_json.SelfDescribingJson object at 0x0000017C2F3856D0>]}
[0m20:35:01.010337 [debug] [MainThread]: Flushing usage events
[0m20:35:02.688296 [debug] [MainThread]: An error was encountered while trying to flush usage events
[0m20:38:23.475150 [debug] [MainThread]: Sending event: {'category': 'dbt', 'action': 'invocation', 'label': 'start', 'context': [<snowplow_tracker.self_describing_json.SelfDescribingJson object at 0x00000139442DC830>, <snowplow_tracker.self_describing_json.SelfDescribingJson object at 0x0000013941BE0B90>, <snowplow_tracker.self_describing_json.SelfDescribingJson object at 0x0000013946B2F890>]}


============================== 20:38:23.483109 | f1ba5ecb-9547-4811-9ea6-9d738a1fd257 ==============================
[0m20:38:23.483109 [info ] [MainThread]: Running with dbt=1.12.0
[0m20:38:23.483828 [debug] [MainThread]: running dbt with arguments {'static_parser': 'True', 'no_print': 'None', 'version_check': 'True', 'warn_error_options': 'WarnErrorOptionsV2(error=[], warn=[], silence=[])', 'maximum_seed_size_mib': '1', 'target_path': 'None', 'printer_width': '80', 'write_json': 'True', 'empty': 'False', 'log_cache_events': 'False', 'introspect': 'True', 'cache_selected_only': 'False', 'log_format': 'default', 'debug': 'False', 'fail_fast': 'False', 'partial_parse': 'True', 'send_anonymous_usage_stats': 'True', 'quiet': 'False', 'warn_error': 'None', 'profiles_dir': 'C:\\Users\\HP\\.dbt', 'use_colors': 'True', 'hints_enabled': 'True', 'invocation_command': 'dbt run', 'use_experimental_parser': 'False', 'indirect_selection': 'eager', 'log_path': 'D:\\Infotact solutions\\Project\\AtmoSync - analytics\\atmosync_dbt\\logs'}
[0m20:38:24.776248 [debug] [MainThread]: Snowflake adapter: Setting snowflake.connector to ERROR (file logging only)
[0m20:38:24.776980 [debug] [MainThread]: Snowflake adapter: Setting botocore to ERROR (file logging only)
[0m20:38:24.777328 [debug] [MainThread]: Snowflake adapter: Setting boto3 to ERROR (file logging only)
[0m20:38:25.146874 [debug] [MainThread]: Sending event: {'category': 'dbt', 'action': 'project_id', 'label': 'f1ba5ecb-9547-4811-9ea6-9d738a1fd257', 'context': [<snowplow_tracker.self_describing_json.SelfDescribingJson object at 0x00000139553BCB00>]}
[0m20:38:25.217693 [debug] [MainThread]: Sending event: {'category': 'dbt', 'action': 'adapter_info', 'label': 'f1ba5ecb-9547-4811-9ea6-9d738a1fd257', 'context': [<snowplow_tracker.self_describing_json.SelfDescribingJson object at 0x0000013958A1FF00>]}
[0m20:38:25.229371 [info ] [MainThread]: Registered adapter: snowflake=1.12.0
[0m20:38:25.622488 [debug] [MainThread]: checksum: 44cfe2fe4a21c7df33efd3500815905e782cd1dfc95fd168940d6cd5a95f23b5, vars: {}, profile: atmosync_dbt, target: dev, version: 1.12.0
[0m20:38:25.833171 [debug] [MainThread]: Partial parsing enabled: 0 files deleted, 0 files added, 0 files changed.
[0m20:38:25.833649 [debug] [MainThread]: Nothing changed, skipping partial parsing.
[0m20:38:25.833964 [debug] [MainThread]: Partial parsing enabled, no changes found, skipping parsing
[0m20:38:25.843690 [debug] [MainThread]: Sending event: {'category': 'dbt', 'action': 'load_project', 'label': 'f1ba5ecb-9547-4811-9ea6-9d738a1fd257', 'context': [<snowplow_tracker.self_describing_json.SelfDescribingJson object at 0x0000013958E83650>]}
[0m20:38:25.999550 [debug] [MainThread]: Wrote artifact WritableManifest to D:\Infotact solutions\Project\AtmoSync - analytics\atmosync_dbt\target\manifest.json
[0m20:38:26.015185 [debug] [MainThread]: Wrote artifact SemanticManifest to D:\Infotact solutions\Project\AtmoSync - analytics\atmosync_dbt\target\semantic_manifest.json
[0m20:38:26.062847 [debug] [MainThread]: Wrote artifact OsiDocument to D:\Infotact solutions\Project\AtmoSync - analytics\atmosync_dbt\target\osi_document.json
[0m20:38:26.083737 [debug] [MainThread]: Sending event: {'category': 'dbt', 'action': 'resource_counts', 'label': 'f1ba5ecb-9547-4811-9ea6-9d738a1fd257', 'context': [<snowplow_tracker.self_describing_json.SelfDescribingJson object at 0x00000139591276B0>]}
[0m20:38:26.084388 [info ] [MainThread]: Found 4 models, 4 data tests, 2 sources, 545 macros
[0m20:38:26.085118 [debug] [MainThread]: Sending event: {'category': 'dbt', 'action': 'runnable_timing', 'label': 'f1ba5ecb-9547-4811-9ea6-9d738a1fd257', 'context': [<snowplow_tracker.self_describing_json.SelfDescribingJson object at 0x000001395912FE70>]}
[0m20:38:26.087796 [info ] [MainThread]: 
[0m20:38:26.088397 [info ] [MainThread]: Concurrency: 4 threads (target='dev')
[0m20:38:26.088937 [info ] [MainThread]: 
[0m20:38:26.089765 [debug] [MainThread]: Acquiring new snowflake connection 'master'
[0m20:38:26.096729 [debug] [ThreadPool]: Acquiring new snowflake connection 'list_ATMOSYNC_DB'
[0m20:38:26.119900 [debug] [ThreadPool]: Using snowflake connection "list_ATMOSYNC_DB"
[0m20:38:26.120394 [debug] [ThreadPool]: On list_ATMOSYNC_DB: show terse schemas in database ATMOSYNC_DB
    limit 10000
/* {"app": "dbt", "dbt_version": "1.12.0", "profile_name": "atmosync_dbt", "target_name": "dev", "connection_name": "list_ATMOSYNC_DB"} */
[0m20:38:26.120764 [debug] [ThreadPool]: Opening a new connection, currently in state init
[0m20:38:27.892413 [debug] [ThreadPool]: SQL status: SUCCESS 4 in 1.772 seconds
[0m20:38:27.895116 [debug] [ThreadPool]: Acquiring new snowflake connection 'list_ATMOSYNC_DB_ANALYTICS'
[0m20:38:27.906674 [debug] [ThreadPool]: Using snowflake connection "list_ATMOSYNC_DB_ANALYTICS"
[0m20:38:27.907368 [debug] [ThreadPool]: On list_ATMOSYNC_DB_ANALYTICS: show objects in ATMOSYNC_DB.ANALYTICS
    limit 10000
    

/* {"app": "dbt", "dbt_version": "1.12.0", "profile_name": "atmosync_dbt", "target_name": "dev", "connection_name": "list_ATMOSYNC_DB_ANALYTICS"} */;
[0m20:38:27.907663 [debug] [ThreadPool]: Opening a new connection, currently in state init
[0m20:38:28.858848 [debug] [ThreadPool]: SQL status: SUCCESS 4 in 0.951 seconds
[0m20:38:28.863806 [debug] [ThreadPool]: Using snowflake connection "list_ATMOSYNC_DB_ANALYTICS"
[0m20:38:28.864148 [debug] [ThreadPool]: On list_ATMOSYNC_DB_ANALYTICS: show user functions in ATMOSYNC_DB.ANALYTICS
/* {"app": "dbt", "dbt_version": "1.12.0", "profile_name": "atmosync_dbt", "target_name": "dev", "connection_name": "list_ATMOSYNC_DB_ANALYTICS"} */
[0m20:38:29.401039 [debug] [ThreadPool]: SQL status: SUCCESS 0 in 0.537 seconds
[0m20:38:29.403772 [debug] [MainThread]: Sending event: {'category': 'dbt', 'action': 'runnable_timing', 'label': 'f1ba5ecb-9547-4811-9ea6-9d738a1fd257', 'context': [<snowplow_tracker.self_describing_json.SelfDescribingJson object at 0x000001395914FAD0>]}
[0m20:38:29.409726 [debug] [Thread-3 (]: Began running node model.atmosync_dbt.stg_container_telemetry
[0m20:38:29.410631 [debug] [Thread-2 (]: Began running node model.atmosync_dbt.my_first_dbt_model
[0m20:38:29.410294 [info ] [Thread-3 (]: 2 of 4 START sql view model ANALYTICS.stg_container_telemetry .................. [RUN]
[0m20:38:29.411697 [debug] [Thread-3 (]: Acquiring new snowflake connection 'model.atmosync_dbt.stg_container_telemetry'
[0m20:38:29.411996 [debug] [Thread-3 (]: Began compiling node model.atmosync_dbt.stg_container_telemetry
[0m20:38:29.417080 [debug] [Thread-3 (]: Writing injected SQL for node "model.atmosync_dbt.stg_container_telemetry"
[0m20:38:29.411090 [info ] [Thread-2 (]: 1 of 4 START sql table model ANALYTICS.my_first_dbt_model ...................... [RUN]
[0m20:38:29.417834 [debug] [Thread-2 (]: Acquiring new snowflake connection 'model.atmosync_dbt.my_first_dbt_model'
[0m20:38:29.418178 [debug] [Thread-2 (]: Began compiling node model.atmosync_dbt.my_first_dbt_model
[0m20:38:29.419948 [debug] [Thread-2 (]: Writing injected SQL for node "model.atmosync_dbt.my_first_dbt_model"
[0m20:38:29.420965 [debug] [Thread-3 (]: Began executing node model.atmosync_dbt.stg_container_telemetry
[0m20:38:29.447268 [debug] [Thread-3 (]: Writing runtime sql for node "model.atmosync_dbt.stg_container_telemetry"
[0m20:38:29.448004 [debug] [Thread-2 (]: Began executing node model.atmosync_dbt.my_first_dbt_model
[0m20:38:29.473147 [debug] [Thread-2 (]: Writing runtime sql for node "model.atmosync_dbt.my_first_dbt_model"
[0m20:38:29.474698 [debug] [Thread-3 (]: Using snowflake connection "model.atmosync_dbt.stg_container_telemetry"
[0m20:38:29.475160 [debug] [Thread-3 (]: On model.atmosync_dbt.stg_container_telemetry: create or replace   view ATMOSYNC_DB.ANALYTICS.stg_container_telemetry
  
  
  
  
  as (
    WITH raw_source AS (
    SELECT * FROM ATMOSYNC_DB.RAW.RAW_CONTAINER_TELEMETRY
)

SELECT
    raw_payload:event_id::STRING AS event_id,
    raw_payload:container_id::STRING AS container_id,
    raw_payload:commodity::STRING AS commodity,
    raw_payload:timestamp::TIMESTAMP AS event_timestamp,
    raw_payload:telemetry.temperature_c::FLOAT AS temperature_c,
    raw_payload:telemetry.humidity_pct::FLOAT AS humidity_pct,
    raw_payload:telemetry.vibration_g::FLOAT AS vibration_g,
    raw_payload:location.latitude::FLOAT AS latitude,
    raw_payload:location.longitude::FLOAT AS longitude,
    ingested_at
FROM raw_source
  )
/* {"app": "dbt", "dbt_version": "1.12.0", "profile_name": "atmosync_dbt", "target_name": "dev", "node_id": "model.atmosync_dbt.stg_container_telemetry"} */;
[0m20:38:29.475545 [debug] [Thread-3 (]: Opening a new connection, currently in state init
[0m20:38:29.476923 [debug] [Thread-2 (]: Using snowflake connection "model.atmosync_dbt.my_first_dbt_model"
[0m20:38:29.477737 [debug] [Thread-2 (]: On model.atmosync_dbt.my_first_dbt_model: create or replace transient table ATMOSYNC_DB.ANALYTICS.my_first_dbt_model
    
    
    
    
    

    as (/*
    Welcome to your first dbt model!
    Did you know that you can also configure models directly within SQL files?
    This will override configurations stated in dbt_project.yml

    Try changing "table" to "view" below
*/



with source_data as (

    select 1 as id
    union all
    select null as id

)

select *
from source_data

/*
    Uncomment the line below to remove records with null `id` values
*/

-- where id is not null
    )

/* {"app": "dbt", "dbt_version": "1.12.0", "profile_name": "atmosync_dbt", "target_name": "dev", "node_id": "model.atmosync_dbt.my_first_dbt_model"} */;
[0m20:38:29.478239 [debug] [Thread-2 (]: Opening a new connection, currently in state init
[0m20:38:31.351338 [debug] [Thread-3 (]: SQL status: SUCCESS 1 in 1.876 seconds
[0m20:38:31.374739 [debug] [Thread-3 (]: Sending event: {'category': 'dbt', 'action': 'run_model', 'label': 'f1ba5ecb-9547-4811-9ea6-9d738a1fd257', 'context': [<snowplow_tracker.self_describing_json.SelfDescribingJson object at 0x00000139591C5190>]}
[0m20:38:31.375392 [info ] [Thread-3 (]: 2 of 4 OK created sql view model ANALYTICS.stg_container_telemetry ............. [[32mSUCCESS 1[0m in 1.96s]
[0m20:38:31.376189 [debug] [Thread-3 (]: Finished running node model.atmosync_dbt.stg_container_telemetry
[0m20:38:31.376716 [debug] [Thread-4 (]: Began running node model.atmosync_dbt.fct_spoilage_arbitrage
[0m20:38:31.377101 [info ] [Thread-4 (]: 3 of 4 START sql view model ANALYTICS.fct_spoilage_arbitrage ................... [RUN]
[0m20:38:31.377754 [debug] [Thread-4 (]: Acquiring new snowflake connection 'model.atmosync_dbt.fct_spoilage_arbitrage'
[0m20:38:31.378050 [debug] [Thread-4 (]: Began compiling node model.atmosync_dbt.fct_spoilage_arbitrage
[0m20:38:31.379998 [debug] [Thread-4 (]: Writing injected SQL for node "model.atmosync_dbt.fct_spoilage_arbitrage"
[0m20:38:31.381012 [debug] [Thread-4 (]: Began executing node model.atmosync_dbt.fct_spoilage_arbitrage
[0m20:38:31.383288 [debug] [Thread-4 (]: Writing runtime sql for node "model.atmosync_dbt.fct_spoilage_arbitrage"
[0m20:38:31.385671 [debug] [Thread-4 (]: Using snowflake connection "model.atmosync_dbt.fct_spoilage_arbitrage"
[0m20:38:31.386185 [debug] [Thread-4 (]: On model.atmosync_dbt.fct_spoilage_arbitrage: create or replace   view ATMOSYNC_DB.ANALYTICS.fct_spoilage_arbitrage
  
  
  
  
  as (
    WITH latest_telemetry AS (
    SELECT 
        container_id,
        commodity,
        temperature_c,
        humidity_pct,
        latitude,
        longitude,
        event_timestamp,
        ROW_NUMBER() OVER (PARTITION BY container_id ORDER BY event_timestamp DESC) as rn
    FROM ATMOSYNC_DB.ANALYTICS.stg_container_telemetry
),

current_status AS (
    SELECT * 
    FROM latest_telemetry 
    WHERE rn = 1
),

calculated_risk AS (
    SELECT 
        t.container_id,
        t.commodity,
        t.temperature_c,
        t.latitude AS current_lat,
        t.longitude AS current_lon,
        t.event_timestamp,
        
        -- Quality degradation: 12.5% loss per degree above 6.0°C threshold
        CASE 
            WHEN t.temperature_c > 6.0 THEN GREATEST(0, (t.temperature_c - 6.0) * 12.5)
            ELSE 0 
        END AS quality_degradation_pct,
        
        -- Thermal risk classification
        CASE 
            WHEN t.temperature_c > 6.0 THEN 'CRITICAL - HIGH SPOILAGE'
            WHEN t.temperature_c > 4.5 THEN 'WARNING - TEMP DRIFT'
            ELSE 'OPTIMAL'
        END AS thermal_status
    FROM current_status t
)

SELECT 
    cr.container_id,
    cr.commodity,
    cr.temperature_c,
    cr.current_lat,
    cr.current_lon,
    cr.event_timestamp,
    cr.quality_degradation_pct,
    cr.thermal_status,
    mp.market_id AS recommended_reroute_market,
    mp.market_name,
    mp.base_price_per_ton,
    
    -- Calculated Salvage Value (Remaining market value per ton)
    ROUND(mp.base_price_per_ton * (1 - (cr.quality_degradation_pct / 100.0)), 2) AS salvage_value_per_ton,
    
    -- Estimated Financial Loss Prevented per ton by rerouting
    ROUND(mp.base_price_per_ton * (cr.quality_degradation_pct / 100.0), 2) AS arbitrage_loss_prevented
FROM calculated_risk cr
CROSS JOIN ATMOSYNC_DB.RAW.MARKET_PRICING mp
WHERE mp.commodity = cr.commodity
  AND mp.market_id = CASE 
                        WHEN cr.thermal_status = 'CRITICAL - HIGH SPOILAGE' THEN 'MKT-LIS' 
                        ELSE 'MKT-ROT' 
                     END
  )
/* {"app": "dbt", "dbt_version": "1.12.0", "profile_name": "atmosync_dbt", "target_name": "dev", "node_id": "model.atmosync_dbt.fct_spoilage_arbitrage"} */;
[0m20:38:31.386627 [debug] [Thread-4 (]: Opening a new connection, currently in state init
[0m20:38:31.699937 [debug] [Thread-2 (]: SQL status: SUCCESS 2 in 2.221 seconds
[0m20:38:31.704667 [debug] [Thread-2 (]: Sending event: {'category': 'dbt', 'action': 'run_model', 'label': 'f1ba5ecb-9547-4811-9ea6-9d738a1fd257', 'context': [<snowplow_tracker.self_describing_json.SelfDescribingJson object at 0x00000139555E52E0>]}
[0m20:38:31.705843 [info ] [Thread-2 (]: 1 of 4 OK created sql table model ANALYTICS.my_first_dbt_model ................. [[32mSUCCESS 2[0m in 2.29s]
[0m20:38:31.707212 [debug] [Thread-2 (]: Finished running node model.atmosync_dbt.my_first_dbt_model
[0m20:38:31.708008 [debug] [Thread-5 (]: Began running node model.atmosync_dbt.my_second_dbt_model
[0m20:38:31.708614 [info ] [Thread-5 (]: 4 of 4 START sql view model ANALYTICS.my_second_dbt_model ...................... [RUN]
[0m20:38:31.709459 [debug] [Thread-5 (]: Acquiring new snowflake connection 'model.atmosync_dbt.my_second_dbt_model'
[0m20:38:31.709912 [debug] [Thread-5 (]: Began compiling node model.atmosync_dbt.my_second_dbt_model
[0m20:38:31.712020 [debug] [Thread-5 (]: Writing injected SQL for node "model.atmosync_dbt.my_second_dbt_model"
[0m20:38:31.713220 [debug] [Thread-5 (]: Began executing node model.atmosync_dbt.my_second_dbt_model
[0m20:38:31.715587 [debug] [Thread-5 (]: Writing runtime sql for node "model.atmosync_dbt.my_second_dbt_model"
[0m20:38:31.717968 [debug] [Thread-5 (]: Using snowflake connection "model.atmosync_dbt.my_second_dbt_model"
[0m20:38:31.718426 [debug] [Thread-5 (]: On model.atmosync_dbt.my_second_dbt_model: create or replace   view ATMOSYNC_DB.ANALYTICS.my_second_dbt_model
  
  
  
  
  as (
    -- Use the `ref` function to select from other models

select *
from ATMOSYNC_DB.ANALYTICS.my_first_dbt_model
where id = 1
  )
/* {"app": "dbt", "dbt_version": "1.12.0", "profile_name": "atmosync_dbt", "target_name": "dev", "node_id": "model.atmosync_dbt.my_second_dbt_model"} */;
[0m20:38:31.718768 [debug] [Thread-5 (]: Opening a new connection, currently in state init
[0m20:38:33.144054 [debug] [Thread-4 (]: SQL status: SUCCESS 1 in 1.757 seconds
[0m20:38:33.148871 [debug] [Thread-4 (]: Sending event: {'category': 'dbt', 'action': 'run_model', 'label': 'f1ba5ecb-9547-4811-9ea6-9d738a1fd257', 'context': [<snowplow_tracker.self_describing_json.SelfDescribingJson object at 0x0000013959427A70>]}
[0m20:38:33.149752 [info ] [Thread-4 (]: 3 of 4 OK created sql view model ANALYTICS.fct_spoilage_arbitrage .............. [[32mSUCCESS 1[0m in 1.77s]
[0m20:38:33.151288 [debug] [Thread-4 (]: Finished running node model.atmosync_dbt.fct_spoilage_arbitrage
[0m20:38:33.166921 [debug] [Thread-5 (]: SQL status: SUCCESS 1 in 1.448 seconds
[0m20:38:33.172355 [debug] [Thread-5 (]: Sending event: {'category': 'dbt', 'action': 'run_model', 'label': 'f1ba5ecb-9547-4811-9ea6-9d738a1fd257', 'context': [<snowplow_tracker.self_describing_json.SelfDescribingJson object at 0x00000139594A45D0>]}
[0m20:38:33.173483 [info ] [Thread-5 (]: 4 of 4 OK created sql view model ANALYTICS.my_second_dbt_model ................. [[32mSUCCESS 1[0m in 1.46s]
[0m20:38:33.174607 [debug] [Thread-5 (]: Finished running node model.atmosync_dbt.my_second_dbt_model
[0m20:38:33.176165 [debug] [MainThread]: Connection 'master' was properly closed.
[0m20:38:33.176468 [debug] [MainThread]: Connection 'list_ATMOSYNC_DB' was left open.
[0m20:38:33.176725 [debug] [MainThread]: On list_ATMOSYNC_DB: Close
[0m20:38:33.445225 [debug] [MainThread]: Connection 'list_ATMOSYNC_DB_ANALYTICS' was left open.
[0m20:38:33.446003 [debug] [MainThread]: On list_ATMOSYNC_DB_ANALYTICS: Close
[0m20:38:33.707013 [debug] [MainThread]: Connection 'model.atmosync_dbt.stg_container_telemetry' was left open.
[0m20:38:33.707420 [debug] [MainThread]: On model.atmosync_dbt.stg_container_telemetry: Close
[0m20:38:33.941212 [debug] [MainThread]: Connection 'model.atmosync_dbt.my_first_dbt_model' was left open.
[0m20:38:33.941622 [debug] [MainThread]: On model.atmosync_dbt.my_first_dbt_model: Close
[0m20:38:34.172593 [debug] [MainThread]: Connection 'model.atmosync_dbt.fct_spoilage_arbitrage' was left open.
[0m20:38:34.173067 [debug] [MainThread]: On model.atmosync_dbt.fct_spoilage_arbitrage: Close
[0m20:38:34.497788 [debug] [MainThread]: Connection 'model.atmosync_dbt.my_second_dbt_model' was left open.
[0m20:38:34.498568 [debug] [MainThread]: On model.atmosync_dbt.my_second_dbt_model: Close
[0m20:38:34.723922 [info ] [MainThread]: 
[0m20:38:34.725077 [info ] [MainThread]: Finished running 1 table model, 3 view models in 0 hours 0 minutes and 8.63 seconds (8.63s).
[0m20:38:34.726806 [debug] [MainThread]: Command end result
[0m20:38:34.762993 [debug] [MainThread]: Wrote artifact WritableManifest to D:\Infotact solutions\Project\AtmoSync - analytics\atmosync_dbt\target\manifest.json
[0m20:38:34.766207 [debug] [MainThread]: Wrote artifact SemanticManifest to D:\Infotact solutions\Project\AtmoSync - analytics\atmosync_dbt\target\semantic_manifest.json
[0m20:38:34.769643 [debug] [MainThread]: Wrote artifact OsiDocument to D:\Infotact solutions\Project\AtmoSync - analytics\atmosync_dbt\target\osi_document.json
[0m20:38:34.776494 [debug] [MainThread]: Wrote artifact RunExecutionResult to D:\Infotact solutions\Project\AtmoSync - analytics\atmosync_dbt\target\run_results.json
[0m20:38:34.776862 [info ] [MainThread]: 
[0m20:38:34.777831 [info ] [MainThread]: [32mCompleted successfully[0m
[0m20:38:34.778406 [info ] [MainThread]: 
[0m20:38:34.778927 [info ] [MainThread]: Done. PASS=4 WARN=0 ERROR=0 SKIP=0 NO-OP=0 REUSED=0 TOTAL=4
[0m20:38:34.779729 [debug] [MainThread]: Command `dbt run` succeeded at 20:38:34.779626 after 11.48 seconds
[0m20:38:34.780050 [debug] [MainThread]: Sending event: {'category': 'dbt', 'action': 'invocation', 'label': 'end', 'context': [<snowplow_tracker.self_describing_json.SelfDescribingJson object at 0x0000013946B527B0>, <snowplow_tracker.self_describing_json.SelfDescribingJson object at 0x0000013946918C20>, <snowplow_tracker.self_describing_json.SelfDescribingJson object at 0x0000013940971D90>]}
[0m20:38:34.780355 [debug] [MainThread]: Flushing usage events
[0m20:38:36.370435 [debug] [MainThread]: An error was encountered while trying to flush usage events
[0m21:09:08.459118 [debug] [MainThread]: Sending event: {'category': 'dbt', 'action': 'invocation', 'label': 'start', 'context': [<snowplow_tracker.self_describing_json.SelfDescribingJson object at 0x00000118F385C830>, <snowplow_tracker.self_describing_json.SelfDescribingJson object at 0x00000118F1164CD0>, <snowplow_tracker.self_describing_json.SelfDescribingJson object at 0x00000118F60AF890>]}


============================== 21:09:08.814303 | eb6c7649-c80c-4ea6-a030-cd9dacd40d17 ==============================
[0m21:09:08.814303 [info ] [MainThread]: Running with dbt=1.12.0
[0m21:09:08.816193 [debug] [MainThread]: running dbt with arguments {'maximum_seed_size_mib': '1', 'no_print': 'None', 'static_parser': 'True', 'warn_error_options': 'WarnErrorOptionsV2(error=[], warn=[], silence=[])', 'target_path': 'None', 'version_check': 'True', 'printer_width': '80', 'write_json': 'True', 'introspect': 'True', 'log_cache_events': 'False', 'empty': 'False', 'cache_selected_only': 'False', 'fail_fast': 'False', 'debug': 'False', 'log_format': 'default', 'profiles_dir': 'C:\\Users\\HP\\.dbt', 'send_anonymous_usage_stats': 'True', 'quiet': 'False', 'warn_error': 'None', 'partial_parse': 'True', 'invocation_command': 'dbt run', 'hints_enabled': 'True', 'use_colors': 'True', 'use_experimental_parser': 'False', 'indirect_selection': 'eager', 'log_path': 'D:\\Infotact solutions\\Project\\AtmoSync - analytics\\atmosync_dbt\\logs'}
[0m21:09:10.781604 [debug] [MainThread]: Snowflake adapter: Setting snowflake.connector to ERROR (file logging only)
[0m21:09:10.782990 [debug] [MainThread]: Snowflake adapter: Setting botocore to ERROR (file logging only)
[0m21:09:10.783662 [debug] [MainThread]: Snowflake adapter: Setting boto3 to ERROR (file logging only)
[0m21:09:11.637170 [debug] [MainThread]: Sending event: {'category': 'dbt', 'action': 'project_id', 'label': 'eb6c7649-c80c-4ea6-a030-cd9dacd40d17', 'context': [<snowplow_tracker.self_describing_json.SelfDescribingJson object at 0x00000118FE8C8B00>]}
[0m21:09:11.781967 [debug] [MainThread]: Sending event: {'category': 'dbt', 'action': 'adapter_info', 'label': 'eb6c7649-c80c-4ea6-a030-cd9dacd40d17', 'context': [<snowplow_tracker.self_describing_json.SelfDescribingJson object at 0x0000011887FCFF00>]}
[0m21:09:11.785139 [info ] [MainThread]: Registered adapter: snowflake=1.12.0
[0m21:09:12.577626 [debug] [MainThread]: checksum: 44cfe2fe4a21c7df33efd3500815905e782cd1dfc95fd168940d6cd5a95f23b5, vars: {}, profile: atmosync_dbt, target: dev, version: 1.12.0
[0m21:09:12.880687 [debug] [MainThread]: Partial parsing enabled: 0 files deleted, 0 files added, 0 files changed.
[0m21:09:12.881158 [debug] [MainThread]: Nothing changed, skipping partial parsing.
[0m21:09:12.881477 [debug] [MainThread]: Partial parsing enabled, no changes found, skipping parsing
[0m21:09:12.900793 [debug] [MainThread]: Sending event: {'category': 'dbt', 'action': 'load_project', 'label': 'eb6c7649-c80c-4ea6-a030-cd9dacd40d17', 'context': [<snowplow_tracker.self_describing_json.SelfDescribingJson object at 0x0000011888423650>]}
[0m21:09:13.168558 [debug] [MainThread]: Wrote artifact WritableManifest to D:\Infotact solutions\Project\AtmoSync - analytics\atmosync_dbt\target\manifest.json
[0m21:09:13.177563 [debug] [MainThread]: Wrote artifact SemanticManifest to D:\Infotact solutions\Project\AtmoSync - analytics\atmosync_dbt\target\semantic_manifest.json
[0m21:09:13.224673 [debug] [MainThread]: Wrote artifact OsiDocument to D:\Infotact solutions\Project\AtmoSync - analytics\atmosync_dbt\target\osi_document.json
[0m21:09:13.251171 [debug] [MainThread]: Sending event: {'category': 'dbt', 'action': 'resource_counts', 'label': 'eb6c7649-c80c-4ea6-a030-cd9dacd40d17', 'context': [<snowplow_tracker.self_describing_json.SelfDescribingJson object at 0x00000118886C76B0>]}
[0m21:09:13.252143 [info ] [MainThread]: Found 4 models, 4 data tests, 2 sources, 545 macros
[0m21:09:13.253326 [debug] [MainThread]: Sending event: {'category': 'dbt', 'action': 'runnable_timing', 'label': 'eb6c7649-c80c-4ea6-a030-cd9dacd40d17', 'context': [<snowplow_tracker.self_describing_json.SelfDescribingJson object at 0x00000118886CBE70>]}
[0m21:09:13.257265 [info ] [MainThread]: 
[0m21:09:13.258284 [info ] [MainThread]: Concurrency: 4 threads (target='dev')
[0m21:09:13.259176 [info ] [MainThread]: 
[0m21:09:13.260455 [debug] [MainThread]: Acquiring new snowflake connection 'master'
[0m21:09:13.271018 [debug] [ThreadPool]: Acquiring new snowflake connection 'list_ATMOSYNC_DB'
[0m21:09:13.320504 [debug] [ThreadPool]: Using snowflake connection "list_ATMOSYNC_DB"
[0m21:09:13.321288 [debug] [ThreadPool]: On list_ATMOSYNC_DB: show terse schemas in database ATMOSYNC_DB
    limit 10000
/* {"app": "dbt", "dbt_version": "1.12.0", "profile_name": "atmosync_dbt", "target_name": "dev", "connection_name": "list_ATMOSYNC_DB"} */
[0m21:09:13.321906 [debug] [ThreadPool]: Opening a new connection, currently in state init
[0m21:09:16.911522 [debug] [ThreadPool]: SQL status: SUCCESS 4 in 3.590 seconds
[0m21:09:16.915300 [debug] [ThreadPool]: Acquiring new snowflake connection 'list_ATMOSYNC_DB_ANALYTICS'
[0m21:09:16.935995 [debug] [ThreadPool]: Using snowflake connection "list_ATMOSYNC_DB_ANALYTICS"
[0m21:09:16.936517 [debug] [ThreadPool]: On list_ATMOSYNC_DB_ANALYTICS: show objects in ATMOSYNC_DB.ANALYTICS
    limit 10000
    

/* {"app": "dbt", "dbt_version": "1.12.0", "profile_name": "atmosync_dbt", "target_name": "dev", "connection_name": "list_ATMOSYNC_DB_ANALYTICS"} */;
[0m21:09:16.936921 [debug] [ThreadPool]: Opening a new connection, currently in state init
[0m21:09:19.884633 [debug] [ThreadPool]: SQL status: SUCCESS 4 in 2.947 seconds
[0m21:09:19.898948 [debug] [ThreadPool]: Using snowflake connection "list_ATMOSYNC_DB_ANALYTICS"
[0m21:09:19.899835 [debug] [ThreadPool]: On list_ATMOSYNC_DB_ANALYTICS: show user functions in ATMOSYNC_DB.ANALYTICS
/* {"app": "dbt", "dbt_version": "1.12.0", "profile_name": "atmosync_dbt", "target_name": "dev", "connection_name": "list_ATMOSYNC_DB_ANALYTICS"} */
[0m21:09:20.402538 [debug] [ThreadPool]: SQL status: SUCCESS 0 in 0.502 seconds
[0m21:09:20.409054 [debug] [MainThread]: Sending event: {'category': 'dbt', 'action': 'runnable_timing', 'label': 'eb6c7649-c80c-4ea6-a030-cd9dacd40d17', 'context': [<snowplow_tracker.self_describing_json.SelfDescribingJson object at 0x00000118886AFAD0>]}
[0m21:09:20.423484 [debug] [Thread-2 (]: Began running node model.atmosync_dbt.my_first_dbt_model
[0m21:09:20.424780 [debug] [Thread-3 (]: Began running node model.atmosync_dbt.stg_container_telemetry
[0m21:09:20.426078 [info ] [Thread-2 (]: 1 of 4 START sql table model ANALYTICS.my_first_dbt_model ...................... [RUN]
[0m21:09:20.429084 [debug] [Thread-2 (]: Acquiring new snowflake connection 'model.atmosync_dbt.my_first_dbt_model'
[0m21:09:20.430013 [debug] [Thread-2 (]: Began compiling node model.atmosync_dbt.my_first_dbt_model
[0m21:09:20.427513 [info ] [Thread-3 (]: 2 of 4 START sql view model ANALYTICS.stg_container_telemetry .................. [RUN]
[0m21:09:20.451537 [debug] [Thread-3 (]: Acquiring new snowflake connection 'model.atmosync_dbt.stg_container_telemetry'
[0m21:09:20.452948 [debug] [Thread-3 (]: Began compiling node model.atmosync_dbt.stg_container_telemetry
[0m21:09:20.449782 [debug] [Thread-2 (]: Writing injected SQL for node "model.atmosync_dbt.my_first_dbt_model"
[0m21:09:20.457907 [debug] [Thread-3 (]: Writing injected SQL for node "model.atmosync_dbt.stg_container_telemetry"
[0m21:09:20.460508 [debug] [Thread-2 (]: Began executing node model.atmosync_dbt.my_first_dbt_model
[0m21:09:20.461354 [debug] [Thread-3 (]: Began executing node model.atmosync_dbt.stg_container_telemetry
[0m21:09:20.502077 [debug] [Thread-2 (]: Writing runtime sql for node "model.atmosync_dbt.my_first_dbt_model"
[0m21:09:20.530434 [debug] [Thread-3 (]: Writing runtime sql for node "model.atmosync_dbt.stg_container_telemetry"
[0m21:09:20.533316 [debug] [Thread-3 (]: Using snowflake connection "model.atmosync_dbt.stg_container_telemetry"
[0m21:09:20.534247 [debug] [Thread-3 (]: On model.atmosync_dbt.stg_container_telemetry: create or replace   view ATMOSYNC_DB.ANALYTICS.stg_container_telemetry
  
  
  
  
  as (
    WITH raw_source AS (
    SELECT * FROM ATMOSYNC_DB.RAW.RAW_CONTAINER_TELEMETRY
)

SELECT
    raw_payload:event_id::STRING AS event_id,
    raw_payload:container_id::STRING AS container_id,
    raw_payload:commodity::STRING AS commodity,
    raw_payload:timestamp::TIMESTAMP AS event_timestamp,
    raw_payload:telemetry.temperature_c::FLOAT AS temperature_c,
    raw_payload:telemetry.humidity_pct::FLOAT AS humidity_pct,
    raw_payload:telemetry.vibration_g::FLOAT AS vibration_g,
    raw_payload:location.latitude::FLOAT AS latitude,
    raw_payload:location.longitude::FLOAT AS longitude,
    ingested_at
FROM raw_source
  )
/* {"app": "dbt", "dbt_version": "1.12.0", "profile_name": "atmosync_dbt", "target_name": "dev", "node_id": "model.atmosync_dbt.stg_container_telemetry"} */;
[0m21:09:20.536454 [debug] [Thread-3 (]: Opening a new connection, currently in state init
[0m21:09:20.535713 [debug] [Thread-2 (]: Using snowflake connection "model.atmosync_dbt.my_first_dbt_model"
[0m21:09:20.537258 [debug] [Thread-2 (]: On model.atmosync_dbt.my_first_dbt_model: create or replace transient table ATMOSYNC_DB.ANALYTICS.my_first_dbt_model
    
    
    
    
    

    as (/*
    Welcome to your first dbt model!
    Did you know that you can also configure models directly within SQL files?
    This will override configurations stated in dbt_project.yml

    Try changing "table" to "view" below
*/



with source_data as (

    select 1 as id
    union all
    select null as id

)

select *
from source_data

/*
    Uncomment the line below to remove records with null `id` values
*/

-- where id is not null
    )

/* {"app": "dbt", "dbt_version": "1.12.0", "profile_name": "atmosync_dbt", "target_name": "dev", "node_id": "model.atmosync_dbt.my_first_dbt_model"} */;
[0m21:09:20.537878 [debug] [Thread-2 (]: Opening a new connection, currently in state init
[0m21:09:24.590302 [debug] [Thread-3 (]: SQL status: SUCCESS 1 in 4.054 seconds
[0m21:09:24.632300 [debug] [Thread-3 (]: Sending event: {'category': 'dbt', 'action': 'run_model', 'label': 'eb6c7649-c80c-4ea6-a030-cd9dacd40d17', 'context': [<snowplow_tracker.self_describing_json.SelfDescribingJson object at 0x0000011888767DD0>]}
[0m21:09:24.633565 [info ] [Thread-3 (]: 2 of 4 OK created sql view model ANALYTICS.stg_container_telemetry ............. [[32mSUCCESS 1[0m in 4.17s]
[0m21:09:24.634866 [debug] [Thread-3 (]: Finished running node model.atmosync_dbt.stg_container_telemetry
[0m21:09:24.635704 [debug] [Thread-4 (]: Began running node model.atmosync_dbt.fct_spoilage_arbitrage
[0m21:09:24.636262 [info ] [Thread-4 (]: 3 of 4 START sql view model ANALYTICS.fct_spoilage_arbitrage ................... [RUN]
[0m21:09:24.637037 [debug] [Thread-4 (]: Acquiring new snowflake connection 'model.atmosync_dbt.fct_spoilage_arbitrage'
[0m21:09:24.637434 [debug] [Thread-4 (]: Began compiling node model.atmosync_dbt.fct_spoilage_arbitrage
[0m21:09:24.640026 [debug] [Thread-4 (]: Writing injected SQL for node "model.atmosync_dbt.fct_spoilage_arbitrage"
[0m21:09:24.641436 [debug] [Thread-4 (]: Began executing node model.atmosync_dbt.fct_spoilage_arbitrage
[0m21:09:24.644564 [debug] [Thread-4 (]: Writing runtime sql for node "model.atmosync_dbt.fct_spoilage_arbitrage"
[0m21:09:24.648050 [debug] [Thread-4 (]: Using snowflake connection "model.atmosync_dbt.fct_spoilage_arbitrage"
[0m21:09:24.648767 [debug] [Thread-4 (]: On model.atmosync_dbt.fct_spoilage_arbitrage: create or replace   view ATMOSYNC_DB.ANALYTICS.fct_spoilage_arbitrage
  
  
  
  
  as (
    WITH latest_telemetry AS (
    SELECT 
        container_id,
        commodity,
        temperature_c,
        humidity_pct,
        latitude,
        longitude,
        event_timestamp,
        ROW_NUMBER() OVER (PARTITION BY container_id ORDER BY event_timestamp DESC) as rn
    FROM ATMOSYNC_DB.ANALYTICS.stg_container_telemetry
),

current_status AS (
    SELECT * 
    FROM latest_telemetry 
    WHERE rn = 1
),

calculated_risk AS (
    SELECT 
        t.container_id,
        t.commodity,
        t.temperature_c,
        t.latitude AS current_lat,
        t.longitude AS current_lon,
        t.event_timestamp,
        
        -- Quality degradation: 12.5% loss per degree above 6.0°C threshold
        CASE 
            WHEN t.temperature_c > 6.0 THEN GREATEST(0, (t.temperature_c - 6.0) * 12.5)
            ELSE 0 
        END AS quality_degradation_pct,
        
        -- Thermal risk classification
        CASE 
            WHEN t.temperature_c > 6.0 THEN 'CRITICAL - HIGH SPOILAGE'
            WHEN t.temperature_c > 4.5 THEN 'WARNING - TEMP DRIFT'
            ELSE 'OPTIMAL'
        END AS thermal_status
    FROM current_status t
)

SELECT 
    cr.container_id,
    cr.commodity,
    cr.temperature_c,
    cr.current_lat,
    cr.current_lon,
    cr.event_timestamp,
    cr.quality_degradation_pct,
    cr.thermal_status,
    mp.market_id AS recommended_reroute_market,
    mp.market_name,
    mp.base_price_per_ton,
    
    -- Calculated Salvage Value (Remaining market value per ton)
    ROUND(mp.base_price_per_ton * (1 - (cr.quality_degradation_pct / 100.0)), 2) AS salvage_value_per_ton,
    
    -- Estimated Financial Loss Prevented per ton by rerouting
    ROUND(mp.base_price_per_ton * (cr.quality_degradation_pct / 100.0), 2) AS arbitrage_loss_prevented
FROM calculated_risk cr
CROSS JOIN ATMOSYNC_DB.RAW.MARKET_PRICING mp
WHERE mp.commodity = cr.commodity
  AND mp.market_id = CASE 
                        WHEN cr.thermal_status = 'CRITICAL - HIGH SPOILAGE' THEN 'MKT-LIS' 
                        ELSE 'MKT-ROT' 
                     END
  )
/* {"app": "dbt", "dbt_version": "1.12.0", "profile_name": "atmosync_dbt", "target_name": "dev", "node_id": "model.atmosync_dbt.fct_spoilage_arbitrage"} */;
[0m21:09:24.650403 [debug] [Thread-4 (]: Opening a new connection, currently in state init
[0m21:09:24.810150 [debug] [Thread-2 (]: SQL status: SUCCESS 2 in 4.272 seconds
[0m21:09:24.820506 [debug] [Thread-2 (]: Sending event: {'category': 'dbt', 'action': 'run_model', 'label': 'eb6c7649-c80c-4ea6-a030-cd9dacd40d17', 'context': [<snowplow_tracker.self_describing_json.SelfDescribingJson object at 0x00000118881F8680>]}
[0m21:09:24.822877 [info ] [Thread-2 (]: 1 of 4 OK created sql table model ANALYTICS.my_first_dbt_model ................. [[32mSUCCESS 2[0m in 4.39s]
[0m21:09:24.826656 [debug] [Thread-2 (]: Finished running node model.atmosync_dbt.my_first_dbt_model
[0m21:09:24.829292 [debug] [Thread-5 (]: Began running node model.atmosync_dbt.my_second_dbt_model
[0m21:09:24.831758 [info ] [Thread-5 (]: 4 of 4 START sql view model ANALYTICS.my_second_dbt_model ...................... [RUN]
[0m21:09:24.835059 [debug] [Thread-5 (]: Acquiring new snowflake connection 'model.atmosync_dbt.my_second_dbt_model'
[0m21:09:24.838494 [debug] [Thread-5 (]: Began compiling node model.atmosync_dbt.my_second_dbt_model
[0m21:09:24.847208 [debug] [Thread-5 (]: Writing injected SQL for node "model.atmosync_dbt.my_second_dbt_model"
[0m21:09:24.851955 [debug] [Thread-5 (]: Began executing node model.atmosync_dbt.my_second_dbt_model
[0m21:09:24.860082 [debug] [Thread-5 (]: Writing runtime sql for node "model.atmosync_dbt.my_second_dbt_model"
[0m21:09:24.863214 [debug] [Thread-5 (]: Using snowflake connection "model.atmosync_dbt.my_second_dbt_model"
[0m21:09:24.863927 [debug] [Thread-5 (]: On model.atmosync_dbt.my_second_dbt_model: create or replace   view ATMOSYNC_DB.ANALYTICS.my_second_dbt_model
  
  
  
  
  as (
    -- Use the `ref` function to select from other models

select *
from ATMOSYNC_DB.ANALYTICS.my_first_dbt_model
where id = 1
  )
/* {"app": "dbt", "dbt_version": "1.12.0", "profile_name": "atmosync_dbt", "target_name": "dev", "node_id": "model.atmosync_dbt.my_second_dbt_model"} */;
[0m21:09:24.864503 [debug] [Thread-5 (]: Opening a new connection, currently in state init
[0m21:09:28.583160 [debug] [Thread-5 (]: SQL status: SUCCESS 1 in 3.718 seconds
[0m21:09:28.591394 [debug] [Thread-5 (]: Sending event: {'category': 'dbt', 'action': 'run_model', 'label': 'eb6c7649-c80c-4ea6-a030-cd9dacd40d17', 'context': [<snowplow_tracker.self_describing_json.SelfDescribingJson object at 0x00000118889C7B10>]}
[0m21:09:28.593402 [info ] [Thread-5 (]: 4 of 4 OK created sql view model ANALYTICS.my_second_dbt_model ................. [[32mSUCCESS 1[0m in 3.76s]
[0m21:09:28.596025 [debug] [Thread-5 (]: Finished running node model.atmosync_dbt.my_second_dbt_model
[0m21:09:28.789038 [debug] [Thread-4 (]: SQL status: SUCCESS 1 in 4.138 seconds
[0m21:09:28.794379 [debug] [Thread-4 (]: Sending event: {'category': 'dbt', 'action': 'run_model', 'label': 'eb6c7649-c80c-4ea6-a030-cd9dacd40d17', 'context': [<snowplow_tracker.self_describing_json.SelfDescribingJson object at 0x0000011888AAE7D0>]}
[0m21:09:28.796529 [info ] [Thread-4 (]: 3 of 4 OK created sql view model ANALYTICS.fct_spoilage_arbitrage .............. [[32mSUCCESS 1[0m in 4.16s]
[0m21:09:28.798385 [debug] [Thread-4 (]: Finished running node model.atmosync_dbt.fct_spoilage_arbitrage
[0m21:09:28.802752 [debug] [MainThread]: Connection 'master' was properly closed.
[0m21:09:28.803417 [debug] [MainThread]: Connection 'list_ATMOSYNC_DB' was left open.
[0m21:09:28.803974 [debug] [MainThread]: On list_ATMOSYNC_DB: Close
[0m21:09:29.305453 [debug] [MainThread]: Connection 'list_ATMOSYNC_DB_ANALYTICS' was left open.
[0m21:09:29.306737 [debug] [MainThread]: On list_ATMOSYNC_DB_ANALYTICS: Close
[0m21:09:29.612795 [debug] [MainThread]: Connection 'model.atmosync_dbt.my_first_dbt_model' was left open.
[0m21:09:29.614056 [debug] [MainThread]: On model.atmosync_dbt.my_first_dbt_model: Close
[0m21:09:29.952994 [debug] [MainThread]: Connection 'model.atmosync_dbt.stg_container_telemetry' was left open.
[0m21:09:29.955191 [debug] [MainThread]: On model.atmosync_dbt.stg_container_telemetry: Close
[0m21:09:30.428953 [debug] [MainThread]: Connection 'model.atmosync_dbt.fct_spoilage_arbitrage' was left open.
[0m21:09:30.430216 [debug] [MainThread]: On model.atmosync_dbt.fct_spoilage_arbitrage: Close
[0m21:09:30.841067 [debug] [MainThread]: Connection 'model.atmosync_dbt.my_second_dbt_model' was left open.
[0m21:09:30.843285 [debug] [MainThread]: On model.atmosync_dbt.my_second_dbt_model: Close
[0m21:09:31.395535 [info ] [MainThread]: 
[0m21:09:31.397844 [info ] [MainThread]: Finished running 1 table model, 3 view models in 0 hours 0 minutes and 18.14 seconds (18.14s).
[0m21:09:31.401302 [debug] [MainThread]: Command end result
[0m21:09:31.549999 [debug] [MainThread]: Wrote artifact WritableManifest to D:\Infotact solutions\Project\AtmoSync - analytics\atmosync_dbt\target\manifest.json
[0m21:09:31.558860 [debug] [MainThread]: Wrote artifact SemanticManifest to D:\Infotact solutions\Project\AtmoSync - analytics\atmosync_dbt\target\semantic_manifest.json
[0m21:09:31.568608 [debug] [MainThread]: Wrote artifact OsiDocument to D:\Infotact solutions\Project\AtmoSync - analytics\atmosync_dbt\target\osi_document.json
[0m21:09:31.605222 [debug] [MainThread]: Wrote artifact RunExecutionResult to D:\Infotact solutions\Project\AtmoSync - analytics\atmosync_dbt\target\run_results.json
[0m21:09:31.606587 [info ] [MainThread]: 
[0m21:09:31.608354 [info ] [MainThread]: [32mCompleted successfully[0m
[0m21:09:31.610118 [info ] [MainThread]: 
[0m21:09:31.611800 [info ] [MainThread]: Done. PASS=4 WARN=0 ERROR=0 SKIP=0 NO-OP=0 REUSED=0 TOTAL=4
[0m21:09:31.615123 [debug] [MainThread]: Command `dbt run` succeeded at 21:09:31.614600 after 23.40 seconds
[0m21:09:31.616718 [debug] [MainThread]: Sending event: {'category': 'dbt', 'action': 'invocation', 'label': 'end', 'context': [<snowplow_tracker.self_describing_json.SelfDescribingJson object at 0x00000118F60D27B0>, <snowplow_tracker.self_describing_json.SelfDescribingJson object at 0x00000118F5E98C20>, <snowplow_tracker.self_describing_json.SelfDescribingJson object at 0x00000118F3BA2E70>]}
[0m21:09:31.618072 [debug] [MainThread]: Flushing usage events
[0m21:09:35.443634 [debug] [MainThread]: An error was encountered while trying to flush usage events
[0m21:09:47.594260 [debug] [MainThread]: Sending event: {'category': 'dbt', 'action': 'invocation', 'label': 'start', 'context': [<snowplow_tracker.self_describing_json.SelfDescribingJson object at 0x00000199CFD3C830>, <snowplow_tracker.self_describing_json.SelfDescribingJson object at 0x00000199CD644CD0>, <snowplow_tracker.self_describing_json.SelfDescribingJson object at 0x00000199D258B890>]}


============================== 21:09:47.601744 | 6374f3fd-2f48-4a0d-a0be-f55e7b2ea3c0 ==============================
[0m21:09:47.601744 [info ] [MainThread]: Running with dbt=1.12.0
[0m21:09:47.602966 [debug] [MainThread]: running dbt with arguments {'maximum_seed_size_mib': '1', 'no_print': 'None', 'version_check': 'True', 'target_path': 'None', 'static_parser': 'True', 'warn_error_options': 'WarnErrorOptionsV2(error=[], warn=[], silence=[])', 'printer_width': '80', 'write_json': 'True', 'empty': 'None', 'log_cache_events': 'False', 'introspect': 'True', 'cache_selected_only': 'False', 'fail_fast': 'False', 'debug': 'False', 'log_format': 'default', 'profiles_dir': 'C:\\Users\\HP\\.dbt', 'send_anonymous_usage_stats': 'True', 'quiet': 'False', 'warn_error': 'None', 'partial_parse': 'True', 'invocation_command': 'dbt test', 'hints_enabled': 'True', 'indirect_selection': 'eager', 'use_experimental_parser': 'False', 'use_colors': 'True', 'log_path': 'D:\\Infotact solutions\\Project\\AtmoSync - analytics\\atmosync_dbt\\logs'}
[0m21:09:48.948799 [debug] [MainThread]: Snowflake adapter: Setting snowflake.connector to ERROR (file logging only)
[0m21:09:48.949334 [debug] [MainThread]: Snowflake adapter: Setting botocore to ERROR (file logging only)
[0m21:09:48.949701 [debug] [MainThread]: Snowflake adapter: Setting boto3 to ERROR (file logging only)
[0m21:09:49.396377 [debug] [MainThread]: Sending event: {'category': 'dbt', 'action': 'project_id', 'label': '6374f3fd-2f48-4a0d-a0be-f55e7b2ea3c0', 'context': [<snowplow_tracker.self_describing_json.SelfDescribingJson object at 0x00000199E0E0CB00>]}
[0m21:09:49.478079 [debug] [MainThread]: Sending event: {'category': 'dbt', 'action': 'adapter_info', 'label': '6374f3fd-2f48-4a0d-a0be-f55e7b2ea3c0', 'context': [<snowplow_tracker.self_describing_json.SelfDescribingJson object at 0x00000199E446BF00>]}
[0m21:09:49.480133 [info ] [MainThread]: Registered adapter: snowflake=1.12.0
[0m21:09:49.919667 [debug] [MainThread]: checksum: 44cfe2fe4a21c7df33efd3500815905e782cd1dfc95fd168940d6cd5a95f23b5, vars: {}, profile: atmosync_dbt, target: dev, version: 1.12.0
[0m21:09:50.181464 [debug] [MainThread]: Partial parsing enabled: 0 files deleted, 0 files added, 0 files changed.
[0m21:09:50.181928 [debug] [MainThread]: Nothing changed, skipping partial parsing.
[0m21:09:50.182261 [debug] [MainThread]: Partial parsing enabled, no changes found, skipping parsing
[0m21:09:50.192788 [debug] [MainThread]: Sending event: {'category': 'dbt', 'action': 'load_project', 'label': '6374f3fd-2f48-4a0d-a0be-f55e7b2ea3c0', 'context': [<snowplow_tracker.self_describing_json.SelfDescribingJson object at 0x00000199E4887650>]}
[0m21:09:50.409540 [debug] [MainThread]: Wrote artifact WritableManifest to D:\Infotact solutions\Project\AtmoSync - analytics\atmosync_dbt\target\manifest.json
[0m21:09:50.415197 [debug] [MainThread]: Wrote artifact SemanticManifest to D:\Infotact solutions\Project\AtmoSync - analytics\atmosync_dbt\target\semantic_manifest.json
[0m21:09:50.461229 [debug] [MainThread]: Wrote artifact OsiDocument to D:\Infotact solutions\Project\AtmoSync - analytics\atmosync_dbt\target\osi_document.json
[0m21:09:50.505792 [debug] [MainThread]: Sending event: {'category': 'dbt', 'action': 'resource_counts', 'label': '6374f3fd-2f48-4a0d-a0be-f55e7b2ea3c0', 'context': [<snowplow_tracker.self_describing_json.SelfDescribingJson object at 0x00000199E4B616D0>]}
[0m21:09:50.506456 [info ] [MainThread]: Found 4 models, 4 data tests, 2 sources, 545 macros
[0m21:09:50.507276 [debug] [MainThread]: Sending event: {'category': 'dbt', 'action': 'runnable_timing', 'label': '6374f3fd-2f48-4a0d-a0be-f55e7b2ea3c0', 'context': [<snowplow_tracker.self_describing_json.SelfDescribingJson object at 0x00000199E4BF7D90>]}
[0m21:09:50.509926 [info ] [MainThread]: 
[0m21:09:50.510735 [info ] [MainThread]: Concurrency: 4 threads (target='dev')
[0m21:09:50.511439 [info ] [MainThread]: 
[0m21:09:50.512425 [debug] [MainThread]: Acquiring new snowflake connection 'master'
[0m21:09:50.520628 [debug] [ThreadPool]: Acquiring new snowflake connection 'list_ATMOSYNC_DB_ANALYTICS'
[0m21:09:50.561766 [debug] [ThreadPool]: Using snowflake connection "list_ATMOSYNC_DB_ANALYTICS"
[0m21:09:50.562727 [debug] [ThreadPool]: On list_ATMOSYNC_DB_ANALYTICS: show objects in ATMOSYNC_DB.ANALYTICS
    limit 10000
    

/* {"app": "dbt", "dbt_version": "1.12.0", "profile_name": "atmosync_dbt", "target_name": "dev", "connection_name": "list_ATMOSYNC_DB_ANALYTICS"} */;
[0m21:09:50.563598 [debug] [ThreadPool]: Opening a new connection, currently in state init
[0m21:09:52.442653 [debug] [ThreadPool]: SQL status: SUCCESS 4 in 1.879 seconds
[0m21:09:52.451299 [debug] [ThreadPool]: Using snowflake connection "list_ATMOSYNC_DB_ANALYTICS"
[0m21:09:52.451895 [debug] [ThreadPool]: On list_ATMOSYNC_DB_ANALYTICS: show user functions in ATMOSYNC_DB.ANALYTICS
/* {"app": "dbt", "dbt_version": "1.12.0", "profile_name": "atmosync_dbt", "target_name": "dev", "connection_name": "list_ATMOSYNC_DB_ANALYTICS"} */
[0m21:09:52.765143 [debug] [ThreadPool]: SQL status: SUCCESS 0 in 0.313 seconds
[0m21:09:52.769570 [debug] [MainThread]: Sending event: {'category': 'dbt', 'action': 'runnable_timing', 'label': '6374f3fd-2f48-4a0d-a0be-f55e7b2ea3c0', 'context': [<snowplow_tracker.self_describing_json.SelfDescribingJson object at 0x00000199E4C76680>]}
[0m21:09:52.776668 [debug] [Thread-2 (]: Began running node test.atmosync_dbt.not_null_my_first_dbt_model_id.5fb22c2710
[0m21:09:52.777948 [debug] [Thread-4 (]: Began running node test.atmosync_dbt.unique_my_first_dbt_model_id.16e066b321
[0m21:09:52.778938 [debug] [Thread-5 (]: Began running node test.atmosync_dbt.unique_my_second_dbt_model_id.57a0f8c493
[0m21:09:52.779965 [debug] [Thread-3 (]: Began running node test.atmosync_dbt.not_null_my_second_dbt_model_id.151b76d778
[0m21:09:52.777399 [info ] [Thread-2 (]: 1 of 4 START test not_null_my_first_dbt_model_id ............................... [RUN]
[0m21:09:52.781426 [debug] [Thread-2 (]: Acquiring new snowflake connection 'test.atmosync_dbt.not_null_my_first_dbt_model_id.5fb22c2710'
[0m21:09:52.781884 [debug] [Thread-2 (]: Began compiling node test.atmosync_dbt.not_null_my_first_dbt_model_id.5fb22c2710
[0m21:09:52.778520 [info ] [Thread-4 (]: 3 of 4 START test unique_my_first_dbt_model_id ................................. [RUN]
[0m21:09:52.812628 [debug] [Thread-4 (]: Acquiring new snowflake connection 'test.atmosync_dbt.unique_my_first_dbt_model_id.16e066b321'
[0m21:09:52.817895 [debug] [Thread-4 (]: Began compiling node test.atmosync_dbt.unique_my_first_dbt_model_id.16e066b321
[0m21:09:52.779535 [info ] [Thread-5 (]: 4 of 4 START test unique_my_second_dbt_model_id ................................ [RUN]
[0m21:09:52.817074 [debug] [Thread-2 (]: Writing injected SQL for node "test.atmosync_dbt.not_null_my_first_dbt_model_id.5fb22c2710"
[0m21:09:52.828721 [debug] [Thread-4 (]: Writing injected SQL for node "test.atmosync_dbt.unique_my_first_dbt_model_id.16e066b321"
[0m21:09:52.829998 [debug] [Thread-5 (]: Acquiring new snowflake connection 'test.atmosync_dbt.unique_my_second_dbt_model_id.57a0f8c493'
[0m21:09:52.831619 [debug] [Thread-5 (]: Began compiling node test.atmosync_dbt.unique_my_second_dbt_model_id.57a0f8c493
[0m21:09:52.842537 [debug] [Thread-5 (]: Writing injected SQL for node "test.atmosync_dbt.unique_my_second_dbt_model_id.57a0f8c493"
[0m21:09:52.780468 [info ] [Thread-3 (]: 2 of 4 START test not_null_my_second_dbt_model_id .............................. [RUN]
[0m21:09:52.844598 [debug] [Thread-3 (]: Acquiring new snowflake connection 'test.atmosync_dbt.not_null_my_second_dbt_model_id.151b76d778'
[0m21:09:52.845465 [debug] [Thread-3 (]: Began compiling node test.atmosync_dbt.not_null_my_second_dbt_model_id.151b76d778
[0m21:09:52.853416 [debug] [Thread-3 (]: Writing injected SQL for node "test.atmosync_dbt.not_null_my_second_dbt_model_id.151b76d778"
[0m21:09:52.854448 [debug] [Thread-2 (]: Began executing node test.atmosync_dbt.not_null_my_first_dbt_model_id.5fb22c2710
[0m21:09:52.875488 [debug] [Thread-5 (]: Began executing node test.atmosync_dbt.unique_my_second_dbt_model_id.57a0f8c493
[0m21:09:52.902907 [debug] [Thread-5 (]: Writing runtime sql for node "test.atmosync_dbt.unique_my_second_dbt_model_id.57a0f8c493"
[0m21:09:52.906074 [debug] [Thread-2 (]: Writing runtime sql for node "test.atmosync_dbt.not_null_my_first_dbt_model_id.5fb22c2710"
[0m21:09:52.907539 [debug] [Thread-3 (]: Began executing node test.atmosync_dbt.not_null_my_second_dbt_model_id.151b76d778
[0m21:09:52.911803 [debug] [Thread-3 (]: Writing runtime sql for node "test.atmosync_dbt.not_null_my_second_dbt_model_id.151b76d778"
[0m21:09:52.912640 [debug] [Thread-4 (]: Began executing node test.atmosync_dbt.unique_my_first_dbt_model_id.16e066b321
[0m21:09:52.916383 [debug] [Thread-4 (]: Writing runtime sql for node "test.atmosync_dbt.unique_my_first_dbt_model_id.16e066b321"
[0m21:09:52.918401 [debug] [Thread-5 (]: Using snowflake connection "test.atmosync_dbt.unique_my_second_dbt_model_id.57a0f8c493"
[0m21:09:52.920433 [debug] [Thread-5 (]: On test.atmosync_dbt.unique_my_second_dbt_model_id.57a0f8c493: select
      count(*) as failures,
      count(*) != 0 as should_warn,
      count(*) != 0 as should_error
    from (
      
    
  
    
    

select
    id as unique_field,
    count(*) as n_records

from ATMOSYNC_DB.ANALYTICS.my_second_dbt_model
where id is not null
group by id
having count(*) > 1



  
  
      
    ) dbt_internal_test
/* {"app": "dbt", "dbt_version": "1.12.0", "profile_name": "atmosync_dbt", "target_name": "dev", "node_id": "test.atmosync_dbt.unique_my_second_dbt_model_id.57a0f8c493"} */
[0m21:09:52.921118 [debug] [Thread-5 (]: Opening a new connection, currently in state init
[0m21:09:52.919687 [debug] [Thread-3 (]: Using snowflake connection "test.atmosync_dbt.not_null_my_second_dbt_model_id.151b76d778"
[0m21:09:52.922045 [debug] [Thread-3 (]: On test.atmosync_dbt.not_null_my_second_dbt_model_id.151b76d778: select
      count(*) as failures,
      count(*) != 0 as should_warn,
      count(*) != 0 as should_error
    from (
      
    
  
    
    



select id
from ATMOSYNC_DB.ANALYTICS.my_second_dbt_model
where id is null



  
  
      
    ) dbt_internal_test
/* {"app": "dbt", "dbt_version": "1.12.0", "profile_name": "atmosync_dbt", "target_name": "dev", "node_id": "test.atmosync_dbt.not_null_my_second_dbt_model_id.151b76d778"} */
[0m21:09:52.923649 [debug] [Thread-4 (]: Using snowflake connection "test.atmosync_dbt.unique_my_first_dbt_model_id.16e066b321"
[0m21:09:52.925236 [debug] [Thread-2 (]: Using snowflake connection "test.atmosync_dbt.not_null_my_first_dbt_model_id.5fb22c2710"
[0m21:09:52.926013 [debug] [Thread-3 (]: Opening a new connection, currently in state init
[0m21:09:52.927145 [debug] [Thread-4 (]: On test.atmosync_dbt.unique_my_first_dbt_model_id.16e066b321: select
      count(*) as failures,
      count(*) != 0 as should_warn,
      count(*) != 0 as should_error
    from (
      
    
  
    
    

select
    id as unique_field,
    count(*) as n_records

from ATMOSYNC_DB.ANALYTICS.my_first_dbt_model
where id is not null
group by id
having count(*) > 1



  
  
      
    ) dbt_internal_test
/* {"app": "dbt", "dbt_version": "1.12.0", "profile_name": "atmosync_dbt", "target_name": "dev", "node_id": "test.atmosync_dbt.unique_my_first_dbt_model_id.16e066b321"} */
[0m21:09:52.927953 [debug] [Thread-2 (]: On test.atmosync_dbt.not_null_my_first_dbt_model_id.5fb22c2710: select
      count(*) as failures,
      count(*) != 0 as should_warn,
      count(*) != 0 as should_error
    from (
      
    
  
    
    



select id
from ATMOSYNC_DB.ANALYTICS.my_first_dbt_model
where id is null



  
  
      
    ) dbt_internal_test
/* {"app": "dbt", "dbt_version": "1.12.0", "profile_name": "atmosync_dbt", "target_name": "dev", "node_id": "test.atmosync_dbt.not_null_my_first_dbt_model_id.5fb22c2710"} */
[0m21:09:52.929593 [debug] [Thread-4 (]: Opening a new connection, currently in state init
[0m21:09:52.931961 [debug] [Thread-2 (]: Opening a new connection, currently in state init
[0m21:09:56.036787 [debug] [Thread-5 (]: SQL status: SUCCESS 1 in 3.115 seconds
[0m21:09:56.067046 [info ] [Thread-5 (]: 4 of 4 PASS unique_my_second_dbt_model_id ...................................... [[32mPASS[0m in 3.24s]
[0m21:09:56.068686 [debug] [Thread-5 (]: Finished running node test.atmosync_dbt.unique_my_second_dbt_model_id.57a0f8c493
[0m21:09:56.435831 [debug] [Thread-2 (]: SQL status: SUCCESS 1 in 3.504 seconds
[0m21:09:56.440482 [debug] [Thread-3 (]: SQL status: SUCCESS 1 in 3.515 seconds
[0m21:09:56.439242 [error] [Thread-2 (]: 1 of 4 FAIL 1 not_null_my_first_dbt_model_id ................................... [[31mFAIL 1[0m in 3.66s]
[0m21:09:56.444896 [debug] [Thread-2 (]: Finished running node test.atmosync_dbt.not_null_my_first_dbt_model_id.5fb22c2710
[0m21:09:56.443755 [info ] [Thread-3 (]: 2 of 4 PASS not_null_my_second_dbt_model_id .................................... [[32mPASS[0m in 3.60s]
[0m21:09:56.446665 [debug] [Thread-3 (]: Finished running node test.atmosync_dbt.not_null_my_second_dbt_model_id.151b76d778
[0m21:09:57.111456 [debug] [Thread-4 (]: SQL status: SUCCESS 1 in 4.182 seconds
[0m21:09:57.114777 [info ] [Thread-4 (]: 3 of 4 PASS unique_my_first_dbt_model_id ....................................... [[32mPASS[0m in 4.30s]
[0m21:09:57.115898 [debug] [Thread-4 (]: Finished running node test.atmosync_dbt.unique_my_first_dbt_model_id.16e066b321
[0m21:09:57.118028 [debug] [MainThread]: Connection 'master' was properly closed.
[0m21:09:57.118529 [debug] [MainThread]: Connection 'list_ATMOSYNC_DB_ANALYTICS' was left open.
[0m21:09:57.118927 [debug] [MainThread]: On list_ATMOSYNC_DB_ANALYTICS: Close
[0m21:09:58.279515 [debug] [MainThread]: Connection 'test.atmosync_dbt.not_null_my_first_dbt_model_id.5fb22c2710' was left open.
[0m21:09:58.280265 [debug] [MainThread]: On test.atmosync_dbt.not_null_my_first_dbt_model_id.5fb22c2710: Close
[0m21:09:58.899604 [debug] [MainThread]: Connection 'test.atmosync_dbt.unique_my_first_dbt_model_id.16e066b321' was left open.
[0m21:09:58.900229 [debug] [MainThread]: On test.atmosync_dbt.unique_my_first_dbt_model_id.16e066b321: Close
[0m21:09:59.612609 [debug] [MainThread]: Connection 'test.atmosync_dbt.unique_my_second_dbt_model_id.57a0f8c493' was left open.
[0m21:09:59.613680 [debug] [MainThread]: On test.atmosync_dbt.unique_my_second_dbt_model_id.57a0f8c493: Close
[0m21:10:00.737359 [debug] [MainThread]: Connection 'test.atmosync_dbt.not_null_my_second_dbt_model_id.151b76d778' was left open.
[0m21:10:00.738385 [debug] [MainThread]: On test.atmosync_dbt.not_null_my_second_dbt_model_id.151b76d778: Close
[0m21:10:01.562127 [info ] [MainThread]: 
[0m21:10:01.563028 [info ] [MainThread]: Finished running 4 data tests in 0 hours 0 minutes and 11.05 seconds (11.05s).
[0m21:10:01.564988 [debug] [MainThread]: Command end result
[0m21:10:01.708041 [debug] [MainThread]: Wrote artifact WritableManifest to D:\Infotact solutions\Project\AtmoSync - analytics\atmosync_dbt\target\manifest.json
[0m21:10:01.715000 [debug] [MainThread]: Wrote artifact SemanticManifest to D:\Infotact solutions\Project\AtmoSync - analytics\atmosync_dbt\target\semantic_manifest.json
[0m21:10:01.721727 [debug] [MainThread]: Wrote artifact OsiDocument to D:\Infotact solutions\Project\AtmoSync - analytics\atmosync_dbt\target\osi_document.json
[0m21:10:01.735171 [debug] [MainThread]: Wrote artifact RunExecutionResult to D:\Infotact solutions\Project\AtmoSync - analytics\atmosync_dbt\target\run_results.json
[0m21:10:01.735746 [info ] [MainThread]: 
[0m21:10:01.736395 [info ] [MainThread]: [31mCompleted with 1 error, 0 partial successes, and 0 warnings:[0m
[0m21:10:01.738041 [info ] [MainThread]: 
[0m21:10:01.738897 [error] [MainThread]: [[31mERROR[0m]: in test not_null_my_first_dbt_model_id (models\example\schema.yml)
[0m21:10:01.739810 [error] [MainThread]:   Got 1 result, configured to fail if != 0
[0m21:10:01.740666 [info ] [MainThread]: 
[0m21:10:01.741599 [info ] [MainThread]:   compiled code at target\compiled\atmosync_dbt\models\example\schema.yml\not_null_my_first_dbt_model_id.sql
[0m21:10:01.742276 [info ] [MainThread]: 
[0m21:10:01.742977 [info ] [MainThread]: Done. PASS=3 WARN=0 ERROR=1 SKIP=0 NO-OP=0 REUSED=0 TOTAL=4
[0m21:10:01.744189 [debug] [MainThread]: Command `dbt test` failed at 21:10:01.744048 after 14.41 seconds
[0m21:10:01.744621 [debug] [MainThread]: Sending event: {'category': 'dbt', 'action': 'invocation', 'label': 'end', 'context': [<snowplow_tracker.self_describing_json.SelfDescribingJson object at 0x00000199E4BD2450>, <snowplow_tracker.self_describing_json.SelfDescribingJson object at 0x00000199D01E0C00>, <snowplow_tracker.self_describing_json.SelfDescribingJson object at 0x00000199E4F8E200>]}
[0m21:10:01.745281 [debug] [MainThread]: Flushing usage events
[0m21:10:04.703585 [debug] [MainThread]: An error was encountered while trying to flush usage events
[0m21:10:26.333335 [debug] [MainThread]: Sending event: {'category': 'dbt', 'action': 'invocation', 'label': 'start', 'context': [<snowplow_tracker.self_describing_json.SelfDescribingJson object at 0x000001247DDFC830>, <snowplow_tracker.self_describing_json.SelfDescribingJson object at 0x000001247B700B90>, <snowplow_tracker.self_describing_json.SelfDescribingJson object at 0x000001240066F9D0>]}


============================== 21:10:26.339935 | bf65e60b-6116-4bde-9856-5a1a7fa54aff ==============================
[0m21:10:26.339935 [info ] [MainThread]: Running with dbt=1.12.0
[0m21:10:26.340946 [debug] [MainThread]: running dbt with arguments {'static_parser': 'True', 'no_print': 'None', 'maximum_seed_size_mib': '1', 'target_path': 'None', 'warn_error_options': 'WarnErrorOptionsV2(error=[], warn=[], silence=[])', 'version_check': 'True', 'printer_width': '80', 'write_json': 'True', 'introspect': 'True', 'log_cache_events': 'False', 'empty': 'None', 'cache_selected_only': 'False', 'fail_fast': 'False', 'debug': 'False', 'log_format': 'default', 'partial_parse': 'True', 'send_anonymous_usage_stats': 'True', 'quiet': 'False', 'warn_error': 'None', 'profiles_dir': 'C:\\Users\\HP\\.dbt', 'invocation_command': 'dbt docs generate', 'hints_enabled': 'True', 'use_colors': 'True', 'use_experimental_parser': 'False', 'indirect_selection': 'eager', 'log_path': 'D:\\Infotact solutions\\Project\\AtmoSync - analytics\\atmosync_dbt\\logs'}
[0m21:10:27.654319 [debug] [MainThread]: Snowflake adapter: Setting snowflake.connector to ERROR (file logging only)
[0m21:10:27.655019 [debug] [MainThread]: Snowflake adapter: Setting botocore to ERROR (file logging only)
[0m21:10:27.655427 [debug] [MainThread]: Snowflake adapter: Setting boto3 to ERROR (file logging only)
[0m21:10:28.128363 [debug] [MainThread]: Sending event: {'category': 'dbt', 'action': 'project_id', 'label': 'bf65e60b-6116-4bde-9856-5a1a7fa54aff', 'context': [<snowplow_tracker.self_describing_json.SelfDescribingJson object at 0x000001240EE78C30>]}
[0m21:10:28.227240 [debug] [MainThread]: Sending event: {'category': 'dbt', 'action': 'adapter_info', 'label': 'bf65e60b-6116-4bde-9856-5a1a7fa54aff', 'context': [<snowplow_tracker.self_describing_json.SelfDescribingJson object at 0x000001241267FF00>]}
[0m21:10:28.229692 [info ] [MainThread]: Registered adapter: snowflake=1.12.0
[0m21:10:28.787152 [debug] [MainThread]: checksum: 44cfe2fe4a21c7df33efd3500815905e782cd1dfc95fd168940d6cd5a95f23b5, vars: {}, profile: atmosync_dbt, target: dev, version: 1.12.0
[0m21:10:29.160003 [debug] [MainThread]: Partial parsing enabled: 0 files deleted, 0 files added, 0 files changed.
[0m21:10:29.160523 [debug] [MainThread]: Nothing changed, skipping partial parsing.
[0m21:10:29.161135 [debug] [MainThread]: Partial parsing enabled, no changes found, skipping parsing
[0m21:10:29.173544 [debug] [MainThread]: Sending event: {'category': 'dbt', 'action': 'load_project', 'label': 'bf65e60b-6116-4bde-9856-5a1a7fa54aff', 'context': [<snowplow_tracker.self_describing_json.SelfDescribingJson object at 0x0000012412AD7650>]}
[0m21:10:29.239123 [debug] [MainThread]: Sending event: {'category': 'dbt', 'action': 'resource_counts', 'label': 'bf65e60b-6116-4bde-9856-5a1a7fa54aff', 'context': [<snowplow_tracker.self_describing_json.SelfDescribingJson object at 0x0000012412B897C0>]}
[0m21:10:29.239977 [info ] [MainThread]: Found 4 models, 4 data tests, 2 sources, 545 macros
[0m21:10:29.241051 [debug] [MainThread]: Sending event: {'category': 'dbt', 'action': 'runnable_timing', 'label': 'bf65e60b-6116-4bde-9856-5a1a7fa54aff', 'context': [<snowplow_tracker.self_describing_json.SelfDescribingJson object at 0x0000012412BDEEB0>]}
[0m21:10:29.244833 [info ] [MainThread]: 
[0m21:10:29.245787 [info ] [MainThread]: Concurrency: 4 threads (target='dev')
[0m21:10:29.246500 [info ] [MainThread]: 
[0m21:10:29.248028 [debug] [MainThread]: Acquiring new snowflake connection 'master'
[0m21:10:29.256327 [debug] [ThreadPool]: Acquiring new snowflake connection 'list_ATMOSYNC_DB_ANALYTICS'
[0m21:10:29.297796 [debug] [ThreadPool]: Using snowflake connection "list_ATMOSYNC_DB_ANALYTICS"
[0m21:10:29.298814 [debug] [ThreadPool]: On list_ATMOSYNC_DB_ANALYTICS: show objects in ATMOSYNC_DB.ANALYTICS
    limit 10000
    

/* {"app": "dbt", "dbt_version": "1.12.0", "profile_name": "atmosync_dbt", "target_name": "dev", "connection_name": "list_ATMOSYNC_DB_ANALYTICS"} */;
[0m21:10:29.299775 [debug] [ThreadPool]: Opening a new connection, currently in state init
[0m21:10:31.504858 [debug] [ThreadPool]: SQL status: SUCCESS 4 in 2.205 seconds
[0m21:10:31.518890 [debug] [ThreadPool]: Using snowflake connection "list_ATMOSYNC_DB_ANALYTICS"
[0m21:10:31.519480 [debug] [ThreadPool]: On list_ATMOSYNC_DB_ANALYTICS: show user functions in ATMOSYNC_DB.ANALYTICS
/* {"app": "dbt", "dbt_version": "1.12.0", "profile_name": "atmosync_dbt", "target_name": "dev", "connection_name": "list_ATMOSYNC_DB_ANALYTICS"} */
[0m21:10:32.071520 [debug] [ThreadPool]: SQL status: SUCCESS 0 in 0.552 seconds
[0m21:10:32.074981 [debug] [MainThread]: Sending event: {'category': 'dbt', 'action': 'runnable_timing', 'label': 'bf65e60b-6116-4bde-9856-5a1a7fa54aff', 'context': [<snowplow_tracker.self_describing_json.SelfDescribingJson object at 0x0000012412D60AE0>]}
[0m21:10:32.082708 [debug] [Thread-3 (]: Began running node model.atmosync_dbt.stg_container_telemetry
[0m21:10:32.084317 [debug] [Thread-3 (]: Acquiring new snowflake connection 'model.atmosync_dbt.stg_container_telemetry'
[0m21:10:32.084941 [debug] [Thread-3 (]: Began compiling node model.atmosync_dbt.stg_container_telemetry
[0m21:10:32.083446 [debug] [Thread-2 (]: Began running node model.atmosync_dbt.my_first_dbt_model
[0m21:10:32.094482 [debug] [Thread-2 (]: Acquiring new snowflake connection 'model.atmosync_dbt.my_first_dbt_model'
[0m21:10:32.095357 [debug] [Thread-2 (]: Began compiling node model.atmosync_dbt.my_first_dbt_model
[0m21:10:32.093636 [debug] [Thread-3 (]: Writing injected SQL for node "model.atmosync_dbt.stg_container_telemetry"
[0m21:10:32.098646 [debug] [Thread-2 (]: Writing injected SQL for node "model.atmosync_dbt.my_first_dbt_model"
[0m21:10:32.100485 [debug] [Thread-3 (]: Began executing node model.atmosync_dbt.stg_container_telemetry
[0m21:10:32.102467 [debug] [Thread-3 (]: Finished running node model.atmosync_dbt.stg_container_telemetry
[0m21:10:32.101245 [debug] [Thread-2 (]: Began executing node model.atmosync_dbt.my_first_dbt_model
[0m21:10:32.103921 [debug] [Thread-2 (]: Finished running node model.atmosync_dbt.my_first_dbt_model
[0m21:10:32.104693 [debug] [Thread-4 (]: Began running node model.atmosync_dbt.fct_spoilage_arbitrage
[0m21:10:32.105508 [debug] [Thread-4 (]: Acquiring new snowflake connection 'model.atmosync_dbt.fct_spoilage_arbitrage'
[0m21:10:32.106759 [debug] [Thread-4 (]: Began compiling node model.atmosync_dbt.fct_spoilage_arbitrage
[0m21:10:32.109462 [debug] [Thread-4 (]: Writing injected SQL for node "model.atmosync_dbt.fct_spoilage_arbitrage"
[0m21:10:32.105975 [debug] [Thread-5 (]: Began running node model.atmosync_dbt.my_second_dbt_model
[0m21:10:32.106362 [debug] [Thread-3 (]: Began running node test.atmosync_dbt.not_null_my_first_dbt_model_id.5fb22c2710
[0m21:10:32.110610 [debug] [Thread-2 (]: Began running node test.atmosync_dbt.unique_my_first_dbt_model_id.16e066b321
[0m21:10:32.111782 [debug] [Thread-5 (]: Acquiring new snowflake connection 'model.atmosync_dbt.my_second_dbt_model'
[0m21:10:32.114321 [debug] [Thread-5 (]: Began compiling node model.atmosync_dbt.my_second_dbt_model
[0m21:10:32.117121 [debug] [Thread-5 (]: Writing injected SQL for node "model.atmosync_dbt.my_second_dbt_model"
[0m21:10:32.117927 [debug] [Thread-4 (]: Began executing node model.atmosync_dbt.fct_spoilage_arbitrage
[0m21:10:32.113685 [debug] [Thread-2 (]: Re-using an available connection from the pool (formerly model.atmosync_dbt.my_first_dbt_model, now test.atmosync_dbt.unique_my_first_dbt_model_id.16e066b321)
[0m21:10:32.112745 [debug] [Thread-3 (]: Re-using an available connection from the pool (formerly model.atmosync_dbt.stg_container_telemetry, now test.atmosync_dbt.not_null_my_first_dbt_model_id.5fb22c2710)
[0m21:10:32.120202 [debug] [Thread-3 (]: Began compiling node test.atmosync_dbt.not_null_my_first_dbt_model_id.5fb22c2710
[0m21:10:32.119653 [debug] [Thread-2 (]: Began compiling node test.atmosync_dbt.unique_my_first_dbt_model_id.16e066b321
[0m21:10:32.119184 [debug] [Thread-4 (]: Finished running node model.atmosync_dbt.fct_spoilage_arbitrage
[0m21:10:32.139255 [debug] [Thread-3 (]: Writing injected SQL for node "test.atmosync_dbt.not_null_my_first_dbt_model_id.5fb22c2710"
[0m21:10:32.139919 [debug] [Thread-5 (]: Began executing node model.atmosync_dbt.my_second_dbt_model
[0m21:10:32.154713 [debug] [Thread-5 (]: Finished running node model.atmosync_dbt.my_second_dbt_model
[0m21:10:32.152827 [debug] [Thread-2 (]: Writing injected SQL for node "test.atmosync_dbt.unique_my_first_dbt_model_id.16e066b321"
[0m21:10:32.156015 [debug] [Thread-3 (]: Began executing node test.atmosync_dbt.not_null_my_first_dbt_model_id.5fb22c2710
[0m21:10:32.157179 [debug] [Thread-3 (]: Finished running node test.atmosync_dbt.not_null_my_first_dbt_model_id.5fb22c2710
[0m21:10:32.158150 [debug] [Thread-4 (]: Began running node test.atmosync_dbt.not_null_my_second_dbt_model_id.151b76d778
[0m21:10:32.158806 [debug] [Thread-4 (]: Re-using an available connection from the pool (formerly model.atmosync_dbt.fct_spoilage_arbitrage, now test.atmosync_dbt.not_null_my_second_dbt_model_id.151b76d778)
[0m21:10:32.157667 [debug] [Thread-5 (]: Began running node test.atmosync_dbt.unique_my_second_dbt_model_id.57a0f8c493
[0m21:10:32.159240 [debug] [Thread-4 (]: Began compiling node test.atmosync_dbt.not_null_my_second_dbt_model_id.151b76d778
[0m21:10:32.168706 [debug] [Thread-4 (]: Writing injected SQL for node "test.atmosync_dbt.not_null_my_second_dbt_model_id.151b76d778"
[0m21:10:32.160993 [debug] [Thread-5 (]: Re-using an available connection from the pool (formerly model.atmosync_dbt.my_second_dbt_model, now test.atmosync_dbt.unique_my_second_dbt_model_id.57a0f8c493)
[0m21:10:32.160258 [debug] [Thread-2 (]: Began executing node test.atmosync_dbt.unique_my_first_dbt_model_id.16e066b321
[0m21:10:32.170754 [debug] [Thread-2 (]: Finished running node test.atmosync_dbt.unique_my_first_dbt_model_id.16e066b321
[0m21:10:32.169661 [debug] [Thread-5 (]: Began compiling node test.atmosync_dbt.unique_my_second_dbt_model_id.57a0f8c493
[0m21:10:32.179731 [debug] [Thread-5 (]: Writing injected SQL for node "test.atmosync_dbt.unique_my_second_dbt_model_id.57a0f8c493"
[0m21:10:32.180349 [debug] [Thread-4 (]: Began executing node test.atmosync_dbt.not_null_my_second_dbt_model_id.151b76d778
[0m21:10:32.181409 [debug] [Thread-4 (]: Finished running node test.atmosync_dbt.not_null_my_second_dbt_model_id.151b76d778
[0m21:10:32.182482 [debug] [Thread-5 (]: Began executing node test.atmosync_dbt.unique_my_second_dbt_model_id.57a0f8c493
[0m21:10:32.183469 [debug] [Thread-5 (]: Finished running node test.atmosync_dbt.unique_my_second_dbt_model_id.57a0f8c493
[0m21:10:32.185395 [debug] [MainThread]: Connection 'master' was properly closed.
[0m21:10:32.186078 [debug] [MainThread]: Connection 'list_ATMOSYNC_DB_ANALYTICS' was left open.
[0m21:10:32.186676 [debug] [MainThread]: On list_ATMOSYNC_DB_ANALYTICS: Close
[0m21:10:33.403997 [debug] [MainThread]: Connection 'test.atmosync_dbt.not_null_my_first_dbt_model_id.5fb22c2710' was properly closed.
[0m21:10:33.404942 [debug] [MainThread]: Connection 'test.atmosync_dbt.unique_my_first_dbt_model_id.16e066b321' was properly closed.
[0m21:10:33.405634 [debug] [MainThread]: Connection 'test.atmosync_dbt.not_null_my_second_dbt_model_id.151b76d778' was properly closed.
[0m21:10:33.406305 [debug] [MainThread]: Connection 'test.atmosync_dbt.unique_my_second_dbt_model_id.57a0f8c493' was properly closed.
[0m21:10:33.411122 [debug] [MainThread]: Command end result
[0m21:10:33.601722 [debug] [MainThread]: Wrote artifact WritableManifest to D:\Infotact solutions\Project\AtmoSync - analytics\atmosync_dbt\target\manifest.json
[0m21:10:33.608384 [debug] [MainThread]: Wrote artifact SemanticManifest to D:\Infotact solutions\Project\AtmoSync - analytics\atmosync_dbt\target\semantic_manifest.json
[0m21:10:33.670146 [debug] [MainThread]: Wrote artifact OsiDocument to D:\Infotact solutions\Project\AtmoSync - analytics\atmosync_dbt\target\osi_document.json
[0m21:10:33.679833 [debug] [MainThread]: Wrote artifact RunExecutionResult to D:\Infotact solutions\Project\AtmoSync - analytics\atmosync_dbt\target\run_results.json
[0m21:10:34.390662 [debug] [MainThread]: Acquiring new snowflake connection 'generate_catalog'
[0m21:10:34.391651 [info ] [MainThread]: Building catalog
[0m21:10:34.416162 [debug] [ThreadPool]: Acquiring new snowflake connection 'ATMOSYNC_DB.information_schema'
[0m21:10:34.435205 [debug] [ThreadPool]: Using snowflake connection "ATMOSYNC_DB.information_schema"
[0m21:10:34.435815 [debug] [ThreadPool]: On ATMOSYNC_DB.information_schema: with tables as (
            select
        table_catalog as "table_database",
        table_schema as "table_schema",
        table_name as "table_name",
        case
            when is_dynamic = 'YES' and table_type = 'BASE TABLE' THEN 'DYNAMIC TABLE'
            else table_type
        end as "table_type",
        comment as "table_comment",

        -- note: this is the _role_ that owns the table
        table_owner as "table_owner",

        'Clustering Key' as "stats:clustering_key:label",
        clustering_key as "stats:clustering_key:value",
        'The key used to cluster this table' as "stats:clustering_key:description",
        (clustering_key is not null) as "stats:clustering_key:include",

        'Row Count' as "stats:row_count:label",
        row_count as "stats:row_count:value",
        'An approximate count of rows in this table' as "stats:row_count:description",
        (row_count is not null) as "stats:row_count:include",

        'Approximate Size' as "stats:bytes:label",
        bytes as "stats:bytes:value",
        'Approximate size of the table as reported by Snowflake' as "stats:bytes:description",
        (bytes is not null) as "stats:bytes:include",

        'Last Modified' as "stats:last_modified:label",
        to_varchar(convert_timezone('UTC', last_altered), 'yyyy-mm-dd HH24:MI'||'UTC') as "stats:last_modified:value",
        'The timestamp for last update/change' as "stats:last_modified:description",
        (last_altered is not null and table_type='BASE TABLE') as "stats:last_modified:include"
    from ATMOSYNC_DB.INFORMATION_SCHEMA.tables
            where (
                (
                    
    "table_schema" ilike 'ANALYTICS' and upper("table_schema") = upper('ANALYTICS')

                    and 
    "table_name" ilike 'stg_container_telemetry' and upper("table_name") = upper('stg_container_telemetry')

                )
             or 
                (
                    
    "table_schema" ilike 'RAW' and upper("table_schema") = upper('RAW')

                    and 
    "table_name" ilike 'MARKET_PRICING' and upper("table_name") = upper('MARKET_PRICING')

                )
             or 
                (
                    
    "table_schema" ilike 'ANALYTICS' and upper("table_schema") = upper('ANALYTICS')

                    and 
    "table_name" ilike 'fct_spoilage_arbitrage' and upper("table_name") = upper('fct_spoilage_arbitrage')

                )
             or 
                (
                    
    "table_schema" ilike 'ANALYTICS' and upper("table_schema") = upper('ANALYTICS')

                    and 
    "table_name" ilike 'my_second_dbt_model' and upper("table_name") = upper('my_second_dbt_model')

                )
             or 
                (
                    
    "table_schema" ilike 'RAW' and upper("table_schema") = upper('RAW')

                    and 
    "table_name" ilike 'RAW_CONTAINER_TELEMETRY' and upper("table_name") = upper('RAW_CONTAINER_TELEMETRY')

                )
             or 
                (
                    
    "table_schema" ilike 'ANALYTICS' and upper("table_schema") = upper('ANALYTICS')

                    and 
    "table_name" ilike 'my_first_dbt_model' and upper("table_name") = upper('my_first_dbt_model')

                )
            )
        ),
        columns as (
            select
        table_catalog as "table_database",
        table_schema as "table_schema",
        table_name as "table_name",

        column_name as "column_name",
        ordinal_position as "column_index",
        data_type as "column_type",
        comment as "column_comment"
    from ATMOSYNC_DB.INFORMATION_SCHEMA.columns
            where (
                (
                    
    "table_schema" ilike 'ANALYTICS' and upper("table_schema") = upper('ANALYTICS')

                    and 
    "table_name" ilike 'stg_container_telemetry' and upper("table_name") = upper('stg_container_telemetry')

                )
             or 
                (
                    
    "table_schema" ilike 'RAW' and upper("table_schema") = upper('RAW')

                    and 
    "table_name" ilike 'MARKET_PRICING' and upper("table_name") = upper('MARKET_PRICING')

                )
             or 
                (
                    
    "table_schema" ilike 'ANALYTICS' and upper("table_schema") = upper('ANALYTICS')

                    and 
    "table_name" ilike 'fct_spoilage_arbitrage' and upper("table_name") = upper('fct_spoilage_arbitrage')

                )
             or 
                (
                    
    "table_schema" ilike 'ANALYTICS' and upper("table_schema") = upper('ANALYTICS')

                    and 
    "table_name" ilike 'my_second_dbt_model' and upper("table_name") = upper('my_second_dbt_model')

                )
             or 
                (
                    
    "table_schema" ilike 'RAW' and upper("table_schema") = upper('RAW')

                    and 
    "table_name" ilike 'RAW_CONTAINER_TELEMETRY' and upper("table_name") = upper('RAW_CONTAINER_TELEMETRY')

                )
             or 
                (
                    
    "table_schema" ilike 'ANALYTICS' and upper("table_schema") = upper('ANALYTICS')

                    and 
    "table_name" ilike 'my_first_dbt_model' and upper("table_name") = upper('my_first_dbt_model')

                )
            )
        )
        select *
    from tables
    join columns using ("table_database", "table_schema", "table_name")
    order by "column_index"
/* {"app": "dbt", "dbt_version": "1.12.0", "profile_name": "atmosync_dbt", "target_name": "dev", "connection_name": "ATMOSYNC_DB.information_schema"} */
[0m21:10:34.436420 [debug] [ThreadPool]: Opening a new connection, currently in state init
[0m21:10:42.209782 [debug] [ThreadPool]: SQL status: SUCCESS 34 in 7.773 seconds
[0m21:10:42.263573 [debug] [MainThread]: Wrote artifact CatalogArtifact to D:\Infotact solutions\Project\AtmoSync - analytics\atmosync_dbt\target\catalog.json
[0m21:10:42.303703 [debug] [MainThread]: Wrote artifact WritableManifest to D:\Infotact solutions\Project\AtmoSync - analytics\atmosync_dbt\target\manifest.json
[0m21:10:42.308330 [debug] [MainThread]: Wrote artifact SemanticManifest to D:\Infotact solutions\Project\AtmoSync - analytics\atmosync_dbt\target\semantic_manifest.json
[0m21:10:42.313106 [debug] [MainThread]: Wrote artifact OsiDocument to D:\Infotact solutions\Project\AtmoSync - analytics\atmosync_dbt\target\osi_document.json
[0m21:10:42.313576 [info ] [MainThread]: Catalog written to D:\Infotact solutions\Project\AtmoSync - analytics\atmosync_dbt\target\catalog.json
[0m21:10:42.314795 [debug] [MainThread]: Command `dbt docs generate` succeeded at 21:10:42.314652 after 16.23 seconds
[0m21:10:42.315183 [debug] [MainThread]: Connection 'generate_catalog' was properly closed.
[0m21:10:42.315492 [debug] [MainThread]: Connection 'ATMOSYNC_DB.information_schema' was left open.
[0m21:10:42.315801 [debug] [MainThread]: On ATMOSYNC_DB.information_schema: Close
[0m21:10:42.928860 [debug] [MainThread]: Sending event: {'category': 'dbt', 'action': 'invocation', 'label': 'end', 'context': [<snowplow_tracker.self_describing_json.SelfDescribingJson object at 0x0000012413F6B710>, <snowplow_tracker.self_describing_json.SelfDescribingJson object at 0x000001247B87A570>, <snowplow_tracker.self_describing_json.SelfDescribingJson object at 0x00000124128476A0>]}
[0m21:10:42.929990 [debug] [MainThread]: Flushing usage events
[0m21:10:46.815384 [debug] [MainThread]: An error was encountered while trying to flush usage events
[0m21:10:52.559597 [debug] [MainThread]: Sending event: {'category': 'dbt', 'action': 'invocation', 'label': 'start', 'context': [<snowplow_tracker.self_describing_json.SelfDescribingJson object at 0x00000283E566C830>, <snowplow_tracker.self_describing_json.SelfDescribingJson object at 0x00000283E2F64B90>, <snowplow_tracker.self_describing_json.SelfDescribingJson object at 0x00000283E7E639D0>]}


============================== 21:10:52.591956 | e75c9c13-82b3-4975-b0e2-86b3be071bb5 ==============================
[0m21:10:52.591956 [info ] [MainThread]: Running with dbt=1.12.0
[0m21:10:52.599223 [debug] [MainThread]: running dbt with arguments {'version_check': 'True', 'no_print': 'None', 'static_parser': 'True', 'target_path': 'None', 'maximum_seed_size_mib': '1', 'warn_error_options': 'WarnErrorOptionsV2(error=[], warn=[], silence=[])', 'printer_width': '80', 'write_json': 'True', 'empty': 'None', 'log_cache_events': 'False', 'introspect': 'True', 'cache_selected_only': 'False', 'fail_fast': 'False', 'debug': 'False', 'log_format': 'default', 'profiles_dir': 'C:\\Users\\HP\\.dbt', 'send_anonymous_usage_stats': 'True', 'quiet': 'False', 'warn_error': 'None', 'partial_parse': 'True', 'use_colors': 'True', 'hints_enabled': 'True', 'indirect_selection': 'eager', 'use_experimental_parser': 'False', 'invocation_command': 'dbt docs serve', 'log_path': 'D:\\Infotact solutions\\Project\\AtmoSync - analytics\\atmosync_dbt\\logs'}
[0m21:10:54.541615 [debug] [MainThread]: Snowflake adapter: Setting snowflake.connector to ERROR (file logging only)
[0m21:10:54.542644 [debug] [MainThread]: Snowflake adapter: Setting botocore to ERROR (file logging only)
[0m21:10:54.543403 [debug] [MainThread]: Snowflake adapter: Setting boto3 to ERROR (file logging only)
[0m21:10:55.030360 [debug] [MainThread]: Sending event: {'category': 'dbt', 'action': 'project_id', 'label': 'e75c9c13-82b3-4975-b0e2-86b3be071bb5', 'context': [<snowplow_tracker.self_describing_json.SelfDescribingJson object at 0x00000283F9A19350>]}
[0m21:10:55.175084 [debug] [MainThread]: Sending event: {'category': 'dbt', 'action': 'adapter_info', 'label': 'e75c9c13-82b3-4975-b0e2-86b3be071bb5', 'context': [<snowplow_tracker.self_describing_json.SelfDescribingJson object at 0x00000283E2ED06B0>]}
[0m21:12:03.334675 [error] [MainThread]: [[31mERROR[0m]: Encountered an error:

[0m21:12:03.444166 [error] [MainThread]: Traceback (most recent call last):
  File "C:\Python314\Lib\site-packages\dbt\cli\requires.py", line 190, in wrapper
    result, success = func(*args, **kwargs)
                      ~~~~^^^^^^^^^^^^^^^^^
  File "C:\Python314\Lib\site-packages\dbt\cli\requires.py", line 136, in wrapper
    return func(*args, **kwargs)
  File "C:\Python314\Lib\site-packages\dbt\cli\requires.py", line 287, in wrapper
    return func(*args, **kwargs)
  File "C:\Python314\Lib\site-packages\dbt\cli\requires.py", line 332, in wrapper
    return func(*args, **kwargs)
  File "C:\Python314\Lib\site-packages\dbt\cli\requires.py", line 379, in wrapper
    return func(*args, **kwargs)
  File "C:\Python314\Lib\site-packages\dbt\cli\main.py", line 322, in docs_serve
    results = task.run()
  File "C:\Python314\Lib\site-packages\dbt\task\docs\serve.py", line 29, in run
    httpd.serve_forever()
    ~~~~~~~~~~~~~~~~~~~^^
  File "C:\Python314\Lib\socketserver.py", line 235, in serve_forever
    ready = selector.select(poll_interval)
  File "C:\Python314\Lib\selectors.py", line 314, in select
    r, w, _ = self._select(self._readers, self._writers, [], timeout)
              ~~~~~~~~~~~~^^^^^^^^^^^^^^^^^^^^^^^^^^^^^^^^^^^^^^^^^^^
  File "C:\Python314\Lib\selectors.py", line 305, in _select
    r, w, x = select.select(r, w, w, timeout)
              ~~~~~~~~~~~~~^^^^^^^^^^^^^^^^^^
KeyboardInterrupt

[0m21:12:03.446667 [debug] [MainThread]: Command `dbt docs serve` failed at 21:12:03.446418 after 71.12 seconds
[0m21:12:03.447543 [debug] [MainThread]: Sending event: {'category': 'dbt', 'action': 'invocation', 'label': 'end', 'context': [<snowplow_tracker.self_describing_json.SelfDescribingJson object at 0x00000283F9FD1C50>, <snowplow_tracker.self_describing_json.SelfDescribingJson object at 0x00000283F9FD1F50>, <snowplow_tracker.self_describing_json.SelfDescribingJson object at 0x00000283F9FCD400>]}
[0m21:12:03.448280 [debug] [MainThread]: Flushing usage events
[0m21:12:06.287321 [debug] [MainThread]: An error was encountered while trying to flush usage events
[0m21:20:25.601251 [debug] [MainThread]: Sending event: {'category': 'dbt', 'action': 'invocation', 'label': 'start', 'context': [<snowplow_tracker.self_describing_json.SelfDescribingJson object at 0x00000169852BC830>, <snowplow_tracker.self_describing_json.SelfDescribingJson object at 0x0000016982C30B90>, <snowplow_tracker.self_describing_json.SelfDescribingJson object at 0x0000016987B0F890>]}


============================== 21:20:25.608855 | dd5e1b4b-728b-41d4-a3b7-bce58967c56a ==============================
[0m21:20:25.608855 [info ] [MainThread]: Running with dbt=1.12.0
[0m21:20:25.610115 [debug] [MainThread]: running dbt with arguments {'static_parser': 'True', 'no_print': 'None', 'maximum_seed_size_mib': '1', 'warn_error_options': 'WarnErrorOptionsV2(error=[], warn=[], silence=[])', 'version_check': 'True', 'target_path': 'None', 'printer_width': '80', 'write_json': 'True', 'introspect': 'True', 'log_cache_events': 'False', 'empty': 'False', 'cache_selected_only': 'False', 'log_format': 'default', 'debug': 'False', 'fail_fast': 'False', 'profiles_dir': 'C:\\Users\\HP\\.dbt', 'send_anonymous_usage_stats': 'True', 'quiet': 'False', 'warn_error': 'None', 'partial_parse': 'True', 'use_colors': 'True', 'hints_enabled': 'True', 'invocation_command': 'dbt run', 'use_experimental_parser': 'False', 'indirect_selection': 'eager', 'log_path': 'D:\\Infotact solutions\\Project\\AtmoSync - analytics\\atmosync_dbt\\logs'}
[0m21:20:27.520424 [debug] [MainThread]: Snowflake adapter: Setting snowflake.connector to ERROR (file logging only)
[0m21:20:27.521009 [debug] [MainThread]: Snowflake adapter: Setting botocore to ERROR (file logging only)
[0m21:20:27.521438 [debug] [MainThread]: Snowflake adapter: Setting boto3 to ERROR (file logging only)
[0m21:20:28.018766 [debug] [MainThread]: Sending event: {'category': 'dbt', 'action': 'project_id', 'label': 'dd5e1b4b-728b-41d4-a3b7-bce58967c56a', 'context': [<snowplow_tracker.self_describing_json.SelfDescribingJson object at 0x00000169963DCB00>]}
[0m21:20:28.111218 [debug] [MainThread]: Sending event: {'category': 'dbt', 'action': 'adapter_info', 'label': 'dd5e1b4b-728b-41d4-a3b7-bce58967c56a', 'context': [<snowplow_tracker.self_describing_json.SelfDescribingJson object at 0x0000016999A5FF00>]}
[0m21:20:28.114328 [info ] [MainThread]: Registered adapter: snowflake=1.12.0
[0m21:20:28.799764 [debug] [MainThread]: checksum: 44cfe2fe4a21c7df33efd3500815905e782cd1dfc95fd168940d6cd5a95f23b5, vars: {}, profile: atmosync_dbt, target: dev, version: 1.12.0
[0m21:20:29.296657 [debug] [MainThread]: Partial parsing enabled: 0 files deleted, 0 files added, 0 files changed.
[0m21:20:29.297478 [debug] [MainThread]: Nothing changed, skipping partial parsing.
[0m21:20:29.298019 [debug] [MainThread]: Partial parsing enabled, no changes found, skipping parsing
[0m21:20:29.338004 [debug] [MainThread]: Sending event: {'category': 'dbt', 'action': 'load_project', 'label': 'dd5e1b4b-728b-41d4-a3b7-bce58967c56a', 'context': [<snowplow_tracker.self_describing_json.SelfDescribingJson object at 0x0000016999EB3650>]}
[0m21:20:29.606939 [debug] [MainThread]: Wrote artifact WritableManifest to D:\Infotact solutions\Project\AtmoSync - analytics\atmosync_dbt\target\manifest.json
[0m21:20:29.613641 [debug] [MainThread]: Wrote artifact SemanticManifest to D:\Infotact solutions\Project\AtmoSync - analytics\atmosync_dbt\target\semantic_manifest.json
[0m21:20:29.667951 [debug] [MainThread]: Wrote artifact OsiDocument to D:\Infotact solutions\Project\AtmoSync - analytics\atmosync_dbt\target\osi_document.json
[0m21:20:29.689411 [debug] [MainThread]: Sending event: {'category': 'dbt', 'action': 'resource_counts', 'label': 'dd5e1b4b-728b-41d4-a3b7-bce58967c56a', 'context': [<snowplow_tracker.self_describing_json.SelfDescribingJson object at 0x000001699A1576B0>]}
[0m21:20:29.690035 [info ] [MainThread]: Found 4 models, 4 data tests, 2 sources, 545 macros
[0m21:20:29.690897 [debug] [MainThread]: Sending event: {'category': 'dbt', 'action': 'runnable_timing', 'label': 'dd5e1b4b-728b-41d4-a3b7-bce58967c56a', 'context': [<snowplow_tracker.self_describing_json.SelfDescribingJson object at 0x000001699A15FE70>]}
[0m21:20:29.693872 [info ] [MainThread]: 
[0m21:20:29.694593 [info ] [MainThread]: Concurrency: 4 threads (target='dev')
[0m21:20:29.695229 [info ] [MainThread]: 
[0m21:20:29.696355 [debug] [MainThread]: Acquiring new snowflake connection 'master'
[0m21:20:29.705968 [debug] [ThreadPool]: Acquiring new snowflake connection 'list_ATMOSYNC_DB'
[0m21:20:29.736646 [debug] [ThreadPool]: Using snowflake connection "list_ATMOSYNC_DB"
[0m21:20:29.737315 [debug] [ThreadPool]: On list_ATMOSYNC_DB: show terse schemas in database ATMOSYNC_DB
    limit 10000
/* {"app": "dbt", "dbt_version": "1.12.0", "profile_name": "atmosync_dbt", "target_name": "dev", "connection_name": "list_ATMOSYNC_DB"} */
[0m21:20:29.737853 [debug] [ThreadPool]: Opening a new connection, currently in state init
[0m21:20:31.757862 [debug] [ThreadPool]: SQL status: SUCCESS 4 in 2.020 seconds
[0m21:20:31.767964 [debug] [ThreadPool]: Acquiring new snowflake connection 'list_ATMOSYNC_DB_ANALYTICS'
[0m21:20:31.794193 [debug] [ThreadPool]: Using snowflake connection "list_ATMOSYNC_DB_ANALYTICS"
[0m21:20:31.795797 [debug] [ThreadPool]: On list_ATMOSYNC_DB_ANALYTICS: show objects in ATMOSYNC_DB.ANALYTICS
    limit 10000
    

/* {"app": "dbt", "dbt_version": "1.12.0", "profile_name": "atmosync_dbt", "target_name": "dev", "connection_name": "list_ATMOSYNC_DB_ANALYTICS"} */;
[0m21:20:31.797076 [debug] [ThreadPool]: Opening a new connection, currently in state init
[0m21:20:33.767138 [debug] [ThreadPool]: SQL status: SUCCESS 4 in 1.970 seconds
[0m21:20:33.776018 [debug] [ThreadPool]: Using snowflake connection "list_ATMOSYNC_DB_ANALYTICS"
[0m21:20:33.776688 [debug] [ThreadPool]: On list_ATMOSYNC_DB_ANALYTICS: show user functions in ATMOSYNC_DB.ANALYTICS
/* {"app": "dbt", "dbt_version": "1.12.0", "profile_name": "atmosync_dbt", "target_name": "dev", "connection_name": "list_ATMOSYNC_DB_ANALYTICS"} */
[0m21:20:34.383111 [debug] [ThreadPool]: SQL status: SUCCESS 0 in 0.605 seconds
[0m21:20:34.388484 [debug] [MainThread]: Sending event: {'category': 'dbt', 'action': 'runnable_timing', 'label': 'dd5e1b4b-728b-41d4-a3b7-bce58967c56a', 'context': [<snowplow_tracker.self_describing_json.SelfDescribingJson object at 0x000001699A17FAD0>]}
[0m21:20:34.399437 [debug] [Thread-2 (]: Began running node model.atmosync_dbt.my_first_dbt_model
[0m21:20:34.400741 [debug] [Thread-3 (]: Began running node model.atmosync_dbt.stg_container_telemetry
[0m21:20:34.401965 [info ] [Thread-2 (]: 1 of 4 START sql table model ANALYTICS.my_first_dbt_model ...................... [RUN]
[0m21:20:34.404195 [debug] [Thread-2 (]: Acquiring new snowflake connection 'model.atmosync_dbt.my_first_dbt_model'
[0m21:20:34.405029 [debug] [Thread-2 (]: Began compiling node model.atmosync_dbt.my_first_dbt_model
[0m21:20:34.403341 [info ] [Thread-3 (]: 2 of 4 START sql view model ANALYTICS.stg_container_telemetry .................. [RUN]
[0m21:20:34.421026 [debug] [Thread-3 (]: Acquiring new snowflake connection 'model.atmosync_dbt.stg_container_telemetry'
[0m21:20:34.419716 [debug] [Thread-2 (]: Writing injected SQL for node "model.atmosync_dbt.my_first_dbt_model"
[0m21:20:34.422403 [debug] [Thread-3 (]: Began compiling node model.atmosync_dbt.stg_container_telemetry
[0m21:20:34.427884 [debug] [Thread-3 (]: Writing injected SQL for node "model.atmosync_dbt.stg_container_telemetry"
[0m21:20:34.429213 [debug] [Thread-2 (]: Began executing node model.atmosync_dbt.my_first_dbt_model
[0m21:20:34.479309 [debug] [Thread-2 (]: Writing runtime sql for node "model.atmosync_dbt.my_first_dbt_model"
[0m21:20:34.480621 [debug] [Thread-3 (]: Began executing node model.atmosync_dbt.stg_container_telemetry
[0m21:20:34.505782 [debug] [Thread-3 (]: Writing runtime sql for node "model.atmosync_dbt.stg_container_telemetry"
[0m21:20:34.508530 [debug] [Thread-2 (]: Using snowflake connection "model.atmosync_dbt.my_first_dbt_model"
[0m21:20:34.510493 [debug] [Thread-2 (]: On model.atmosync_dbt.my_first_dbt_model: create or replace transient table ATMOSYNC_DB.ANALYTICS.my_first_dbt_model
    
    
    
    
    

    as (/*
    Welcome to your first dbt model!
    Did you know that you can also configure models directly within SQL files?
    This will override configurations stated in dbt_project.yml

    Try changing "table" to "view" below
*/



with source_data as (

    select 1 as id
    union all
    select null as id

)

select *
from source_data

/*
    Uncomment the line below to remove records with null `id` values
*/

-- where id is not null
    )

/* {"app": "dbt", "dbt_version": "1.12.0", "profile_name": "atmosync_dbt", "target_name": "dev", "node_id": "model.atmosync_dbt.my_first_dbt_model"} */;
[0m21:20:34.511591 [debug] [Thread-2 (]: Opening a new connection, currently in state init
[0m21:20:34.527431 [debug] [Thread-3 (]: Using snowflake connection "model.atmosync_dbt.stg_container_telemetry"
[0m21:20:34.528142 [debug] [Thread-3 (]: On model.atmosync_dbt.stg_container_telemetry: create or replace   view ATMOSYNC_DB.ANALYTICS.stg_container_telemetry
  
  
  
  
  as (
    WITH raw_source AS (
    SELECT * FROM ATMOSYNC_DB.RAW.RAW_CONTAINER_TELEMETRY
)

SELECT
    raw_payload:event_id::STRING AS event_id,
    raw_payload:container_id::STRING AS container_id,
    raw_payload:commodity::STRING AS commodity,
    raw_payload:timestamp::TIMESTAMP AS event_timestamp,
    raw_payload:telemetry.temperature_c::FLOAT AS temperature_c,
    raw_payload:telemetry.humidity_pct::FLOAT AS humidity_pct,
    raw_payload:telemetry.vibration_g::FLOAT AS vibration_g,
    raw_payload:location.latitude::FLOAT AS latitude,
    raw_payload:location.longitude::FLOAT AS longitude,
    ingested_at
FROM raw_source
  )
/* {"app": "dbt", "dbt_version": "1.12.0", "profile_name": "atmosync_dbt", "target_name": "dev", "node_id": "model.atmosync_dbt.stg_container_telemetry"} */;
[0m21:20:34.528845 [debug] [Thread-3 (]: Opening a new connection, currently in state init
[0m21:20:36.325437 [debug] [Thread-3 (]: SQL status: SUCCESS 1 in 1.797 seconds
[0m21:20:36.367228 [debug] [Thread-3 (]: Sending event: {'category': 'dbt', 'action': 'run_model', 'label': 'dd5e1b4b-728b-41d4-a3b7-bce58967c56a', 'context': [<snowplow_tracker.self_describing_json.SelfDescribingJson object at 0x000001699A1F3DD0>]}
[0m21:20:36.368158 [info ] [Thread-3 (]: 2 of 4 OK created sql view model ANALYTICS.stg_container_telemetry ............. [[32mSUCCESS 1[0m in 1.94s]
[0m21:20:36.369182 [debug] [Thread-3 (]: Finished running node model.atmosync_dbt.stg_container_telemetry
[0m21:20:36.370075 [debug] [Thread-4 (]: Began running node model.atmosync_dbt.fct_spoilage_arbitrage
[0m21:20:36.370700 [info ] [Thread-4 (]: 3 of 4 START sql view model ANALYTICS.fct_spoilage_arbitrage ................... [RUN]
[0m21:20:36.371484 [debug] [Thread-4 (]: Acquiring new snowflake connection 'model.atmosync_dbt.fct_spoilage_arbitrage'
[0m21:20:36.371925 [debug] [Thread-4 (]: Began compiling node model.atmosync_dbt.fct_spoilage_arbitrage
[0m21:20:36.376428 [debug] [Thread-4 (]: Writing injected SQL for node "model.atmosync_dbt.fct_spoilage_arbitrage"
[0m21:20:36.377864 [debug] [Thread-4 (]: Began executing node model.atmosync_dbt.fct_spoilage_arbitrage
[0m21:20:36.381147 [debug] [Thread-4 (]: Writing runtime sql for node "model.atmosync_dbt.fct_spoilage_arbitrage"
[0m21:20:36.385839 [debug] [Thread-4 (]: Using snowflake connection "model.atmosync_dbt.fct_spoilage_arbitrage"
[0m21:20:36.386903 [debug] [Thread-4 (]: On model.atmosync_dbt.fct_spoilage_arbitrage: create or replace   view ATMOSYNC_DB.ANALYTICS.fct_spoilage_arbitrage
  
  
  
  
  as (
    WITH latest_telemetry AS (
    SELECT 
        container_id,
        commodity,
        temperature_c,
        humidity_pct,
        latitude,
        longitude,
        event_timestamp,
        ROW_NUMBER() OVER (PARTITION BY container_id ORDER BY event_timestamp DESC) as rn
    FROM ATMOSYNC_DB.ANALYTICS.stg_container_telemetry
),

current_status AS (
    SELECT * 
    FROM latest_telemetry 
    WHERE rn = 1
),

calculated_risk AS (
    SELECT 
        t.container_id,
        t.commodity,
        t.temperature_c,
        t.latitude AS current_lat,
        t.longitude AS current_lon,
        t.event_timestamp,
        
        -- Quality degradation: 12.5% loss per degree above 6.0°C threshold
        CASE 
            WHEN t.temperature_c > 6.0 THEN GREATEST(0, (t.temperature_c - 6.0) * 12.5)
            ELSE 0 
        END AS quality_degradation_pct,
        
        -- Thermal risk classification
        CASE 
            WHEN t.temperature_c > 6.0 THEN 'CRITICAL - HIGH SPOILAGE'
            WHEN t.temperature_c > 4.5 THEN 'WARNING - TEMP DRIFT'
            ELSE 'OPTIMAL'
        END AS thermal_status
    FROM current_status t
)

SELECT 
    cr.container_id,
    cr.commodity,
    cr.temperature_c,
    cr.current_lat,
    cr.current_lon,
    cr.event_timestamp,
    cr.quality_degradation_pct,
    cr.thermal_status,
    mp.market_id AS recommended_reroute_market,
    mp.market_name,
    mp.base_price_per_ton,
    
    -- Calculated Salvage Value (Remaining market value per ton)
    ROUND(mp.base_price_per_ton * (1 - (cr.quality_degradation_pct / 100.0)), 2) AS salvage_value_per_ton,
    
    -- Estimated Financial Loss Prevented per ton by rerouting
    ROUND(mp.base_price_per_ton * (cr.quality_degradation_pct / 100.0), 2) AS arbitrage_loss_prevented
FROM calculated_risk cr
CROSS JOIN ATMOSYNC_DB.RAW.MARKET_PRICING mp
WHERE mp.commodity = cr.commodity
  AND mp.market_id = CASE 
                        WHEN cr.thermal_status = 'CRITICAL - HIGH SPOILAGE' THEN 'MKT-LIS' 
                        ELSE 'MKT-ROT' 
                     END
  )
/* {"app": "dbt", "dbt_version": "1.12.0", "profile_name": "atmosync_dbt", "target_name": "dev", "node_id": "model.atmosync_dbt.fct_spoilage_arbitrage"} */;
[0m21:20:36.387641 [debug] [Thread-4 (]: Opening a new connection, currently in state init
[0m21:20:36.735362 [debug] [Thread-2 (]: SQL status: SUCCESS 2 in 2.224 seconds
[0m21:20:36.741296 [debug] [Thread-2 (]: Sending event: {'category': 'dbt', 'action': 'run_model', 'label': 'dd5e1b4b-728b-41d4-a3b7-bce58967c56a', 'context': [<snowplow_tracker.self_describing_json.SelfDescribingJson object at 0x0000016999C84310>]}
[0m21:20:36.742643 [info ] [Thread-2 (]: 1 of 4 OK created sql table model ANALYTICS.my_first_dbt_model ................. [[32mSUCCESS 2[0m in 2.34s]
[0m21:20:36.744268 [debug] [Thread-2 (]: Finished running node model.atmosync_dbt.my_first_dbt_model
[0m21:20:36.745643 [debug] [Thread-5 (]: Began running node model.atmosync_dbt.my_second_dbt_model
[0m21:20:36.746570 [info ] [Thread-5 (]: 4 of 4 START sql view model ANALYTICS.my_second_dbt_model ...................... [RUN]
[0m21:20:36.747835 [debug] [Thread-5 (]: Acquiring new snowflake connection 'model.atmosync_dbt.my_second_dbt_model'
[0m21:20:36.748533 [debug] [Thread-5 (]: Began compiling node model.atmosync_dbt.my_second_dbt_model
[0m21:20:36.751383 [debug] [Thread-5 (]: Writing injected SQL for node "model.atmosync_dbt.my_second_dbt_model"
[0m21:20:36.752859 [debug] [Thread-5 (]: Began executing node model.atmosync_dbt.my_second_dbt_model
[0m21:20:36.756188 [debug] [Thread-5 (]: Writing runtime sql for node "model.atmosync_dbt.my_second_dbt_model"
[0m21:20:36.757969 [debug] [Thread-5 (]: Using snowflake connection "model.atmosync_dbt.my_second_dbt_model"
[0m21:20:36.758428 [debug] [Thread-5 (]: On model.atmosync_dbt.my_second_dbt_model: create or replace   view ATMOSYNC_DB.ANALYTICS.my_second_dbt_model
  
  
  
  
  as (
    -- Use the `ref` function to select from other models

select *
from ATMOSYNC_DB.ANALYTICS.my_first_dbt_model
where id = 1
  )
/* {"app": "dbt", "dbt_version": "1.12.0", "profile_name": "atmosync_dbt", "target_name": "dev", "node_id": "model.atmosync_dbt.my_second_dbt_model"} */;
[0m21:20:36.759057 [debug] [Thread-5 (]: Opening a new connection, currently in state init
[0m21:20:37.861626 [debug] [Thread-4 (]: SQL status: SUCCESS 1 in 1.474 seconds
[0m21:20:37.867347 [debug] [Thread-4 (]: Sending event: {'category': 'dbt', 'action': 'run_model', 'label': 'dd5e1b4b-728b-41d4-a3b7-bce58967c56a', 'context': [<snowplow_tracker.self_describing_json.SelfDescribingJson object at 0x000001699A453A70>]}
[0m21:20:37.868534 [info ] [Thread-4 (]: 3 of 4 OK created sql view model ANALYTICS.fct_spoilage_arbitrage .............. [[32mSUCCESS 1[0m in 1.50s]
[0m21:20:37.869972 [debug] [Thread-4 (]: Finished running node model.atmosync_dbt.fct_spoilage_arbitrage
[0m21:20:38.476457 [debug] [Thread-5 (]: SQL status: SUCCESS 1 in 1.717 seconds
[0m21:20:38.480721 [debug] [Thread-5 (]: Sending event: {'category': 'dbt', 'action': 'run_model', 'label': 'dd5e1b4b-728b-41d4-a3b7-bce58967c56a', 'context': [<snowplow_tracker.self_describing_json.SelfDescribingJson object at 0x000001699B48E650>]}
[0m21:20:38.482128 [info ] [Thread-5 (]: 4 of 4 OK created sql view model ANALYTICS.my_second_dbt_model ................. [[32mSUCCESS 1[0m in 1.73s]
[0m21:20:38.483473 [debug] [Thread-5 (]: Finished running node model.atmosync_dbt.my_second_dbt_model
[0m21:20:38.485547 [debug] [MainThread]: Connection 'master' was properly closed.
[0m21:20:38.486076 [debug] [MainThread]: Connection 'list_ATMOSYNC_DB' was left open.
[0m21:20:38.486825 [debug] [MainThread]: On list_ATMOSYNC_DB: Close
[0m21:20:38.891418 [debug] [MainThread]: Connection 'list_ATMOSYNC_DB_ANALYTICS' was left open.
[0m21:20:38.892453 [debug] [MainThread]: On list_ATMOSYNC_DB_ANALYTICS: Close
[0m21:20:39.402588 [debug] [MainThread]: Connection 'model.atmosync_dbt.my_first_dbt_model' was left open.
[0m21:20:39.403223 [debug] [MainThread]: On model.atmosync_dbt.my_first_dbt_model: Close
[0m21:20:40.016040 [debug] [MainThread]: Connection 'model.atmosync_dbt.stg_container_telemetry' was left open.
[0m21:20:40.016970 [debug] [MainThread]: On model.atmosync_dbt.stg_container_telemetry: Close
[0m21:20:40.375700 [debug] [MainThread]: Connection 'model.atmosync_dbt.fct_spoilage_arbitrage' was left open.
[0m21:20:40.376415 [debug] [MainThread]: On model.atmosync_dbt.fct_spoilage_arbitrage: Close
[0m21:20:41.242043 [debug] [MainThread]: Connection 'model.atmosync_dbt.my_second_dbt_model' was left open.
[0m21:20:41.242553 [debug] [MainThread]: On model.atmosync_dbt.my_second_dbt_model: Close
[0m21:20:41.655358 [info ] [MainThread]: 
[0m21:20:41.656884 [info ] [MainThread]: Finished running 1 table model, 3 view models in 0 hours 0 minutes and 11.96 seconds (11.96s).
[0m21:20:41.660608 [debug] [MainThread]: Command end result
[0m21:20:41.733322 [debug] [MainThread]: Wrote artifact WritableManifest to D:\Infotact solutions\Project\AtmoSync - analytics\atmosync_dbt\target\manifest.json
[0m21:20:41.738531 [debug] [MainThread]: Wrote artifact SemanticManifest to D:\Infotact solutions\Project\AtmoSync - analytics\atmosync_dbt\target\semantic_manifest.json
[0m21:20:41.744097 [debug] [MainThread]: Wrote artifact OsiDocument to D:\Infotact solutions\Project\AtmoSync - analytics\atmosync_dbt\target\osi_document.json
[0m21:20:41.757680 [debug] [MainThread]: Wrote artifact RunExecutionResult to D:\Infotact solutions\Project\AtmoSync - analytics\atmosync_dbt\target\run_results.json
[0m21:20:41.758330 [info ] [MainThread]: 
[0m21:20:41.759760 [info ] [MainThread]: [32mCompleted successfully[0m
[0m21:20:41.761092 [info ] [MainThread]: 
[0m21:20:41.762581 [info ] [MainThread]: Done. PASS=4 WARN=0 ERROR=0 SKIP=0 NO-OP=0 REUSED=0 TOTAL=4
[0m21:20:41.764137 [debug] [MainThread]: Command `dbt run` succeeded at 21:20:41.763968 after 16.40 seconds
[0m21:20:41.764707 [debug] [MainThread]: Sending event: {'category': 'dbt', 'action': 'invocation', 'label': 'end', 'context': [<snowplow_tracker.self_describing_json.SelfDescribingJson object at 0x0000016987B327B0>, <snowplow_tracker.self_describing_json.SelfDescribingJson object at 0x00000169878F8C20>, <snowplow_tracker.self_describing_json.SelfDescribingJson object at 0x0000016985E4DA90>]}
[0m21:20:41.765188 [debug] [MainThread]: Flushing usage events
[0m21:20:44.446406 [debug] [MainThread]: An error was encountered while trying to flush usage events
[0m21:21:07.472958 [debug] [MainThread]: Sending event: {'category': 'dbt', 'action': 'invocation', 'label': 'start', 'context': [<snowplow_tracker.self_describing_json.SelfDescribingJson object at 0x000001BBDB9CC830>, <snowplow_tracker.self_describing_json.SelfDescribingJson object at 0x000001BBD9324B90>, <snowplow_tracker.self_describing_json.SelfDescribingJson object at 0x000001BBDE21B890>]}


============================== 21:21:07.480011 | 878d67be-a55f-412b-9299-2438b9e07582 ==============================
[0m21:21:07.480011 [info ] [MainThread]: Running with dbt=1.12.0
[0m21:21:07.481105 [debug] [MainThread]: running dbt with arguments {'static_parser': 'True', 'no_print': 'None', 'maximum_seed_size_mib': '1', 'target_path': 'None', 'warn_error_options': 'WarnErrorOptionsV2(error=[], warn=[], silence=[])', 'version_check': 'True', 'printer_width': '80', 'write_json': 'True', 'introspect': 'True', 'log_cache_events': 'False', 'empty': 'None', 'cache_selected_only': 'False', 'log_format': 'default', 'debug': 'False', 'fail_fast': 'False', 'profiles_dir': 'C:\\Users\\HP\\.dbt', 'send_anonymous_usage_stats': 'True', 'quiet': 'False', 'warn_error': 'None', 'partial_parse': 'True', 'invocation_command': 'dbt test', 'hints_enabled': 'True', 'indirect_selection': 'eager', 'use_experimental_parser': 'False', 'use_colors': 'True', 'log_path': 'D:\\Infotact solutions\\Project\\AtmoSync - analytics\\atmosync_dbt\\logs'}
[0m21:21:08.650137 [debug] [MainThread]: Snowflake adapter: Setting snowflake.connector to ERROR (file logging only)
[0m21:21:08.650769 [debug] [MainThread]: Snowflake adapter: Setting botocore to ERROR (file logging only)
[0m21:21:08.651228 [debug] [MainThread]: Snowflake adapter: Setting boto3 to ERROR (file logging only)
[0m21:21:09.066466 [debug] [MainThread]: Sending event: {'category': 'dbt', 'action': 'project_id', 'label': '878d67be-a55f-412b-9299-2438b9e07582', 'context': [<snowplow_tracker.self_describing_json.SelfDescribingJson object at 0x000001BBECB0CB00>]}
[0m21:21:09.205035 [debug] [MainThread]: Sending event: {'category': 'dbt', 'action': 'adapter_info', 'label': '878d67be-a55f-412b-9299-2438b9e07582', 'context': [<snowplow_tracker.self_describing_json.SelfDescribingJson object at 0x000001BBF018BF00>]}
[0m21:21:09.225150 [info ] [MainThread]: Registered adapter: snowflake=1.12.0
[0m21:21:09.838618 [debug] [MainThread]: checksum: 44cfe2fe4a21c7df33efd3500815905e782cd1dfc95fd168940d6cd5a95f23b5, vars: {}, profile: atmosync_dbt, target: dev, version: 1.12.0
[0m21:21:10.078407 [debug] [MainThread]: Partial parsing enabled: 0 files deleted, 0 files added, 0 files changed.
[0m21:21:10.079372 [debug] [MainThread]: Nothing changed, skipping partial parsing.
[0m21:21:10.079787 [debug] [MainThread]: Partial parsing enabled, no changes found, skipping parsing
[0m21:21:10.094860 [debug] [MainThread]: Sending event: {'category': 'dbt', 'action': 'load_project', 'label': '878d67be-a55f-412b-9299-2438b9e07582', 'context': [<snowplow_tracker.self_describing_json.SelfDescribingJson object at 0x000001BBF0597650>]}
[0m21:21:10.334167 [debug] [MainThread]: Wrote artifact WritableManifest to D:\Infotact solutions\Project\AtmoSync - analytics\atmosync_dbt\target\manifest.json
[0m21:21:10.340405 [debug] [MainThread]: Wrote artifact SemanticManifest to D:\Infotact solutions\Project\AtmoSync - analytics\atmosync_dbt\target\semantic_manifest.json
[0m21:21:10.391337 [debug] [MainThread]: Wrote artifact OsiDocument to D:\Infotact solutions\Project\AtmoSync - analytics\atmosync_dbt\target\osi_document.json
[0m21:21:10.443318 [debug] [MainThread]: Sending event: {'category': 'dbt', 'action': 'resource_counts', 'label': '878d67be-a55f-412b-9299-2438b9e07582', 'context': [<snowplow_tracker.self_describing_json.SelfDescribingJson object at 0x000001BBF08716D0>]}
[0m21:21:10.444832 [info ] [MainThread]: Found 4 models, 4 data tests, 2 sources, 545 macros
[0m21:21:10.445956 [debug] [MainThread]: Sending event: {'category': 'dbt', 'action': 'runnable_timing', 'label': '878d67be-a55f-412b-9299-2438b9e07582', 'context': [<snowplow_tracker.self_describing_json.SelfDescribingJson object at 0x000001BBF0907D90>]}
[0m21:21:10.449931 [info ] [MainThread]: 
[0m21:21:10.453755 [info ] [MainThread]: Concurrency: 4 threads (target='dev')
[0m21:21:10.455934 [info ] [MainThread]: 
[0m21:21:10.457851 [debug] [MainThread]: Acquiring new snowflake connection 'master'
[0m21:21:10.472770 [debug] [ThreadPool]: Acquiring new snowflake connection 'list_ATMOSYNC_DB_ANALYTICS'
[0m21:21:10.509712 [debug] [ThreadPool]: Using snowflake connection "list_ATMOSYNC_DB_ANALYTICS"
[0m21:21:10.510421 [debug] [ThreadPool]: On list_ATMOSYNC_DB_ANALYTICS: show objects in ATMOSYNC_DB.ANALYTICS
    limit 10000
    

/* {"app": "dbt", "dbt_version": "1.12.0", "profile_name": "atmosync_dbt", "target_name": "dev", "connection_name": "list_ATMOSYNC_DB_ANALYTICS"} */;
[0m21:21:10.511731 [debug] [ThreadPool]: Opening a new connection, currently in state init
[0m21:21:12.475291 [debug] [ThreadPool]: SQL status: SUCCESS 4 in 1.963 seconds
[0m21:21:12.483727 [debug] [ThreadPool]: Using snowflake connection "list_ATMOSYNC_DB_ANALYTICS"
[0m21:21:12.484216 [debug] [ThreadPool]: On list_ATMOSYNC_DB_ANALYTICS: show user functions in ATMOSYNC_DB.ANALYTICS
/* {"app": "dbt", "dbt_version": "1.12.0", "profile_name": "atmosync_dbt", "target_name": "dev", "connection_name": "list_ATMOSYNC_DB_ANALYTICS"} */
[0m21:21:12.889026 [debug] [ThreadPool]: SQL status: SUCCESS 0 in 0.404 seconds
[0m21:21:12.917828 [debug] [MainThread]: Sending event: {'category': 'dbt', 'action': 'runnable_timing', 'label': '878d67be-a55f-412b-9299-2438b9e07582', 'context': [<snowplow_tracker.self_describing_json.SelfDescribingJson object at 0x000001BBF0986680>]}
[0m21:21:12.924966 [debug] [Thread-2 (]: Began running node test.atmosync_dbt.not_null_my_first_dbt_model_id.5fb22c2710
[0m21:21:12.926370 [debug] [Thread-5 (]: Began running node test.atmosync_dbt.unique_my_second_dbt_model_id.57a0f8c493
[0m21:21:12.925749 [info ] [Thread-2 (]: 1 of 4 START test not_null_my_first_dbt_model_id ............................... [RUN]
[0m21:21:12.928763 [debug] [Thread-2 (]: Acquiring new snowflake connection 'test.atmosync_dbt.not_null_my_first_dbt_model_id.5fb22c2710'
[0m21:21:12.929445 [debug] [Thread-2 (]: Began compiling node test.atmosync_dbt.not_null_my_first_dbt_model_id.5fb22c2710
[0m21:21:12.964242 [debug] [Thread-4 (]: Began running node test.atmosync_dbt.unique_my_first_dbt_model_id.16e066b321
[0m21:21:12.969455 [debug] [Thread-3 (]: Began running node test.atmosync_dbt.not_null_my_second_dbt_model_id.151b76d778
[0m21:21:13.001781 [debug] [Thread-2 (]: Writing injected SQL for node "test.atmosync_dbt.not_null_my_first_dbt_model_id.5fb22c2710"
[0m21:21:12.927786 [info ] [Thread-5 (]: 4 of 4 START test unique_my_second_dbt_model_id ................................ [RUN]
[0m21:21:13.003635 [debug] [Thread-5 (]: Acquiring new snowflake connection 'test.atmosync_dbt.unique_my_second_dbt_model_id.57a0f8c493'
[0m21:21:13.004542 [debug] [Thread-5 (]: Began compiling node test.atmosync_dbt.unique_my_second_dbt_model_id.57a0f8c493
[0m21:21:12.965214 [info ] [Thread-4 (]: 3 of 4 START test unique_my_first_dbt_model_id ................................. [RUN]
[0m21:21:13.021261 [debug] [Thread-4 (]: Acquiring new snowflake connection 'test.atmosync_dbt.unique_my_first_dbt_model_id.16e066b321'
[0m21:21:13.022197 [debug] [Thread-4 (]: Began compiling node test.atmosync_dbt.unique_my_first_dbt_model_id.16e066b321
[0m21:21:13.037606 [debug] [Thread-4 (]: Writing injected SQL for node "test.atmosync_dbt.unique_my_first_dbt_model_id.16e066b321"
[0m21:21:13.020174 [debug] [Thread-5 (]: Writing injected SQL for node "test.atmosync_dbt.unique_my_second_dbt_model_id.57a0f8c493"
[0m21:21:13.038867 [debug] [Thread-2 (]: Began executing node test.atmosync_dbt.not_null_my_first_dbt_model_id.5fb22c2710
[0m21:21:12.977952 [info ] [Thread-3 (]: 2 of 4 START test not_null_my_second_dbt_model_id .............................. [RUN]
[0m21:21:13.081264 [debug] [Thread-3 (]: Acquiring new snowflake connection 'test.atmosync_dbt.not_null_my_second_dbt_model_id.151b76d778'
[0m21:21:13.083802 [debug] [Thread-3 (]: Began compiling node test.atmosync_dbt.not_null_my_second_dbt_model_id.151b76d778
[0m21:21:13.079464 [debug] [Thread-2 (]: Writing runtime sql for node "test.atmosync_dbt.not_null_my_first_dbt_model_id.5fb22c2710"
[0m21:21:13.084894 [debug] [Thread-5 (]: Began executing node test.atmosync_dbt.unique_my_second_dbt_model_id.57a0f8c493
[0m21:21:13.082456 [debug] [Thread-4 (]: Began executing node test.atmosync_dbt.unique_my_first_dbt_model_id.16e066b321
[0m21:21:13.103631 [debug] [Thread-3 (]: Writing injected SQL for node "test.atmosync_dbt.not_null_my_second_dbt_model_id.151b76d778"
[0m21:21:13.111810 [debug] [Thread-5 (]: Writing runtime sql for node "test.atmosync_dbt.unique_my_second_dbt_model_id.57a0f8c493"
[0m21:21:13.117897 [debug] [Thread-4 (]: Writing runtime sql for node "test.atmosync_dbt.unique_my_first_dbt_model_id.16e066b321"
[0m21:21:13.121986 [debug] [Thread-3 (]: Began executing node test.atmosync_dbt.not_null_my_second_dbt_model_id.151b76d778
[0m21:21:13.128938 [debug] [Thread-3 (]: Writing runtime sql for node "test.atmosync_dbt.not_null_my_second_dbt_model_id.151b76d778"
[0m21:21:13.176200 [debug] [Thread-2 (]: Using snowflake connection "test.atmosync_dbt.not_null_my_first_dbt_model_id.5fb22c2710"
[0m21:21:13.178229 [debug] [Thread-2 (]: On test.atmosync_dbt.not_null_my_first_dbt_model_id.5fb22c2710: select
      count(*) as failures,
      count(*) != 0 as should_warn,
      count(*) != 0 as should_error
    from (
      
    
  
    
    



select id
from ATMOSYNC_DB.ANALYTICS.my_first_dbt_model
where id is null



  
  
      
    ) dbt_internal_test
/* {"app": "dbt", "dbt_version": "1.12.0", "profile_name": "atmosync_dbt", "target_name": "dev", "node_id": "test.atmosync_dbt.not_null_my_first_dbt_model_id.5fb22c2710"} */
[0m21:21:13.179522 [debug] [Thread-2 (]: Opening a new connection, currently in state init
[0m21:21:13.183818 [debug] [Thread-3 (]: Using snowflake connection "test.atmosync_dbt.not_null_my_second_dbt_model_id.151b76d778"
[0m21:21:13.186639 [debug] [Thread-5 (]: Using snowflake connection "test.atmosync_dbt.unique_my_second_dbt_model_id.57a0f8c493"
[0m21:21:13.188645 [debug] [Thread-4 (]: Using snowflake connection "test.atmosync_dbt.unique_my_first_dbt_model_id.16e066b321"
[0m21:21:13.189875 [debug] [Thread-3 (]: On test.atmosync_dbt.not_null_my_second_dbt_model_id.151b76d778: select
      count(*) as failures,
      count(*) != 0 as should_warn,
      count(*) != 0 as should_error
    from (
      
    
  
    
    



select id
from ATMOSYNC_DB.ANALYTICS.my_second_dbt_model
where id is null



  
  
      
    ) dbt_internal_test
/* {"app": "dbt", "dbt_version": "1.12.0", "profile_name": "atmosync_dbt", "target_name": "dev", "node_id": "test.atmosync_dbt.not_null_my_second_dbt_model_id.151b76d778"} */
[0m21:21:13.192683 [debug] [Thread-5 (]: On test.atmosync_dbt.unique_my_second_dbt_model_id.57a0f8c493: select
      count(*) as failures,
      count(*) != 0 as should_warn,
      count(*) != 0 as should_error
    from (
      
    
  
    
    

select
    id as unique_field,
    count(*) as n_records

from ATMOSYNC_DB.ANALYTICS.my_second_dbt_model
where id is not null
group by id
having count(*) > 1



  
  
      
    ) dbt_internal_test
/* {"app": "dbt", "dbt_version": "1.12.0", "profile_name": "atmosync_dbt", "target_name": "dev", "node_id": "test.atmosync_dbt.unique_my_second_dbt_model_id.57a0f8c493"} */
[0m21:21:13.195016 [debug] [Thread-4 (]: On test.atmosync_dbt.unique_my_first_dbt_model_id.16e066b321: select
      count(*) as failures,
      count(*) != 0 as should_warn,
      count(*) != 0 as should_error
    from (
      
    
  
    
    

select
    id as unique_field,
    count(*) as n_records

from ATMOSYNC_DB.ANALYTICS.my_first_dbt_model
where id is not null
group by id
having count(*) > 1



  
  
      
    ) dbt_internal_test
/* {"app": "dbt", "dbt_version": "1.12.0", "profile_name": "atmosync_dbt", "target_name": "dev", "node_id": "test.atmosync_dbt.unique_my_first_dbt_model_id.16e066b321"} */
[0m21:21:13.199711 [debug] [Thread-3 (]: Opening a new connection, currently in state init
[0m21:21:13.201086 [debug] [Thread-5 (]: Opening a new connection, currently in state init
[0m21:21:13.202417 [debug] [Thread-4 (]: Opening a new connection, currently in state init
[0m21:21:14.633077 [debug] [Thread-2 (]: SQL status: SUCCESS 1 in 1.453 seconds
[0m21:21:14.649810 [error] [Thread-2 (]: 1 of 4 FAIL 1 not_null_my_first_dbt_model_id ................................... [[31mFAIL 1[0m in 1.72s]
[0m21:21:14.651367 [debug] [Thread-2 (]: Finished running node test.atmosync_dbt.not_null_my_first_dbt_model_id.5fb22c2710
[0m21:21:15.340545 [debug] [Thread-3 (]: SQL status: SUCCESS 1 in 2.141 seconds
[0m21:21:15.345629 [info ] [Thread-3 (]: 2 of 4 PASS not_null_my_second_dbt_model_id .................................... [[32mPASS[0m in 2.26s]
[0m21:21:15.348675 [debug] [Thread-3 (]: Finished running node test.atmosync_dbt.not_null_my_second_dbt_model_id.151b76d778
[0m21:21:15.545096 [debug] [Thread-5 (]: SQL status: SUCCESS 1 in 2.344 seconds
[0m21:21:15.549705 [info ] [Thread-5 (]: 4 of 4 PASS unique_my_second_dbt_model_id ...................................... [[32mPASS[0m in 2.55s]
[0m21:21:15.550867 [debug] [Thread-5 (]: Finished running node test.atmosync_dbt.unique_my_second_dbt_model_id.57a0f8c493
[0m21:21:16.075225 [debug] [Thread-4 (]: SQL status: SUCCESS 1 in 2.873 seconds
[0m21:21:16.078249 [info ] [Thread-4 (]: 3 of 4 PASS unique_my_first_dbt_model_id ....................................... [[32mPASS[0m in 3.06s]
[0m21:21:16.079535 [debug] [Thread-4 (]: Finished running node test.atmosync_dbt.unique_my_first_dbt_model_id.16e066b321
[0m21:21:16.082349 [debug] [MainThread]: Connection 'master' was properly closed.
[0m21:21:16.082893 [debug] [MainThread]: Connection 'list_ATMOSYNC_DB_ANALYTICS' was left open.
[0m21:21:16.083256 [debug] [MainThread]: On list_ATMOSYNC_DB_ANALYTICS: Close
[0m21:21:16.672732 [debug] [MainThread]: Connection 'test.atmosync_dbt.not_null_my_first_dbt_model_id.5fb22c2710' was left open.
[0m21:21:16.673710 [debug] [MainThread]: On test.atmosync_dbt.not_null_my_first_dbt_model_id.5fb22c2710: Close
[0m21:21:17.084117 [debug] [MainThread]: Connection 'test.atmosync_dbt.unique_my_second_dbt_model_id.57a0f8c493' was left open.
[0m21:21:17.084880 [debug] [MainThread]: On test.atmosync_dbt.unique_my_second_dbt_model_id.57a0f8c493: Close
[0m21:21:17.443285 [debug] [MainThread]: Connection 'test.atmosync_dbt.unique_my_first_dbt_model_id.16e066b321' was left open.
[0m21:21:17.444123 [debug] [MainThread]: On test.atmosync_dbt.unique_my_first_dbt_model_id.16e066b321: Close
[0m21:21:17.721869 [debug] [MainThread]: Connection 'test.atmosync_dbt.not_null_my_second_dbt_model_id.151b76d778' was left open.
[0m21:21:17.722566 [debug] [MainThread]: On test.atmosync_dbt.not_null_my_second_dbt_model_id.151b76d778: Close
[0m21:21:18.111186 [info ] [MainThread]: 
[0m21:21:18.113271 [info ] [MainThread]: Finished running 4 data tests in 0 hours 0 minutes and 7.65 seconds (7.65s).
[0m21:21:18.117306 [debug] [MainThread]: Command end result
[0m21:21:18.212554 [debug] [MainThread]: Wrote artifact WritableManifest to D:\Infotact solutions\Project\AtmoSync - analytics\atmosync_dbt\target\manifest.json
[0m21:21:18.217796 [debug] [MainThread]: Wrote artifact SemanticManifest to D:\Infotact solutions\Project\AtmoSync - analytics\atmosync_dbt\target\semantic_manifest.json
[0m21:21:18.223832 [debug] [MainThread]: Wrote artifact OsiDocument to D:\Infotact solutions\Project\AtmoSync - analytics\atmosync_dbt\target\osi_document.json
[0m21:21:18.237108 [debug] [MainThread]: Wrote artifact RunExecutionResult to D:\Infotact solutions\Project\AtmoSync - analytics\atmosync_dbt\target\run_results.json
[0m21:21:18.237759 [info ] [MainThread]: 
[0m21:21:18.238579 [info ] [MainThread]: [31mCompleted with 1 error, 0 partial successes, and 0 warnings:[0m
[0m21:21:18.239338 [info ] [MainThread]: 
[0m21:21:18.240021 [error] [MainThread]: [[31mERROR[0m]: in test not_null_my_first_dbt_model_id (models\example\schema.yml)
[0m21:21:18.240708 [error] [MainThread]:   Got 1 result, configured to fail if != 0
[0m21:21:18.241217 [info ] [MainThread]: 
[0m21:21:18.242280 [info ] [MainThread]:   compiled code at target\compiled\atmosync_dbt\models\example\schema.yml\not_null_my_first_dbt_model_id.sql
[0m21:21:18.243147 [info ] [MainThread]: 
[0m21:21:18.244125 [info ] [MainThread]: Done. PASS=3 WARN=0 ERROR=1 SKIP=0 NO-OP=0 REUSED=0 TOTAL=4
[0m21:21:18.245736 [debug] [MainThread]: Command `dbt test` failed at 21:21:18.245476 after 11.11 seconds
[0m21:21:18.247026 [debug] [MainThread]: Sending event: {'category': 'dbt', 'action': 'invocation', 'label': 'end', 'context': [<snowplow_tracker.self_describing_json.SelfDescribingJson object at 0x000001BBF08E2450>, <snowplow_tracker.self_describing_json.SelfDescribingJson object at 0x000001BBDBE74C00>, <snowplow_tracker.self_describing_json.SelfDescribingJson object at 0x000001BBF1C69650>]}
[0m21:21:18.247838 [debug] [MainThread]: Flushing usage events
[0m21:21:20.663155 [debug] [MainThread]: An error was encountered while trying to flush usage events
[0m21:25:22.943172 [debug] [MainThread]: Sending event: {'category': 'dbt', 'action': 'invocation', 'label': 'start', 'context': [<snowplow_tracker.self_describing_json.SelfDescribingJson object at 0x000001C8426EC830>, <snowplow_tracker.self_describing_json.SelfDescribingJson object at 0x000001C83FFE0CD0>, <snowplow_tracker.self_describing_json.SelfDescribingJson object at 0x000001C844F3B890>]}


============================== 21:25:23.041044 | c9600043-68ea-480e-ab53-e537a1b76b91 ==============================
[0m21:25:23.041044 [info ] [MainThread]: Running with dbt=1.12.0
[0m21:25:23.043223 [debug] [MainThread]: running dbt with arguments {'version_check': 'True', 'no_print': 'None', 'maximum_seed_size_mib': '1', 'warn_error_options': 'WarnErrorOptionsV2(error=[], warn=[], silence=[])', 'target_path': 'None', 'static_parser': 'True', 'printer_width': '80', 'write_json': 'True', 'introspect': 'True', 'log_cache_events': 'False', 'empty': 'None', 'cache_selected_only': 'False', 'log_format': 'default', 'debug': 'False', 'fail_fast': 'False', 'partial_parse': 'True', 'send_anonymous_usage_stats': 'True', 'quiet': 'False', 'warn_error': 'None', 'profiles_dir': 'C:\\Users\\HP\\.dbt', 'invocation_command': 'dbt test', 'hints_enabled': 'True', 'indirect_selection': 'eager', 'use_experimental_parser': 'False', 'use_colors': 'True', 'log_path': 'D:\\Infotact solutions\\Project\\AtmoSync - analytics\\atmosync_dbt\\logs'}
[0m21:25:25.105517 [debug] [MainThread]: Snowflake adapter: Setting snowflake.connector to ERROR (file logging only)
[0m21:25:25.106774 [debug] [MainThread]: Snowflake adapter: Setting botocore to ERROR (file logging only)
[0m21:25:25.107911 [debug] [MainThread]: Snowflake adapter: Setting boto3 to ERROR (file logging only)
[0m21:25:25.792499 [debug] [MainThread]: Sending event: {'category': 'dbt', 'action': 'project_id', 'label': 'c9600043-68ea-480e-ab53-e537a1b76b91', 'context': [<snowplow_tracker.self_describing_json.SelfDescribingJson object at 0x000001C8537CCB00>]}
[0m21:25:25.927116 [debug] [MainThread]: Sending event: {'category': 'dbt', 'action': 'adapter_info', 'label': 'c9600043-68ea-480e-ab53-e537a1b76b91', 'context': [<snowplow_tracker.self_describing_json.SelfDescribingJson object at 0x000001C856E4BF00>]}
[0m21:25:25.930575 [info ] [MainThread]: Registered adapter: snowflake=1.12.0
[0m21:25:26.532301 [debug] [MainThread]: checksum: 44cfe2fe4a21c7df33efd3500815905e782cd1dfc95fd168940d6cd5a95f23b5, vars: {}, profile: atmosync_dbt, target: dev, version: 1.12.0
[0m21:25:26.799516 [debug] [MainThread]: Partial parsing enabled: 3 files deleted, 1 files added, 0 files changed.
[0m21:25:26.800237 [debug] [MainThread]: Partial parsing: added file: atmosync_dbt://models\marts\schema.yml
[0m21:25:26.800774 [debug] [MainThread]: Partial parsing: deleted file: atmosync_dbt://models\example\my_first_dbt_model.sql
[0m21:25:26.801110 [debug] [MainThread]: Partial parsing: deleted file: atmosync_dbt://models\example\my_second_dbt_model.sql
[0m21:25:27.462807 [warn ] [MainThread]: [[33mWARNING[0m]: Configuration paths exist in your dbt_project.yml file which do not apply to any resources.
There are 1 unused configuration paths:
- models.atmosync_dbt.example
[0m21:25:27.469384 [debug] [MainThread]: Sending event: {'category': 'dbt', 'action': 'load_project', 'label': 'c9600043-68ea-480e-ab53-e537a1b76b91', 'context': [<snowplow_tracker.self_describing_json.SelfDescribingJson object at 0x000001C857257E50>]}
[0m21:25:27.647563 [debug] [MainThread]: Wrote artifact WritableManifest to D:\Infotact solutions\Project\AtmoSync - analytics\atmosync_dbt\target\manifest.json
[0m21:25:27.653719 [debug] [MainThread]: Wrote artifact SemanticManifest to D:\Infotact solutions\Project\AtmoSync - analytics\atmosync_dbt\target\semantic_manifest.json
[0m21:25:27.706850 [debug] [MainThread]: Wrote artifact OsiDocument to D:\Infotact solutions\Project\AtmoSync - analytics\atmosync_dbt\target\osi_document.json
[0m21:25:27.746647 [debug] [MainThread]: Sending event: {'category': 'dbt', 'action': 'resource_counts', 'label': 'c9600043-68ea-480e-ab53-e537a1b76b91', 'context': [<snowplow_tracker.self_describing_json.SelfDescribingJson object at 0x000001C8577B5F40>]}
[0m21:25:27.747283 [info ] [MainThread]: Found 2 models, 4 data tests, 2 sources, 545 macros
[0m21:25:27.747954 [debug] [MainThread]: Sending event: {'category': 'dbt', 'action': 'runnable_timing', 'label': 'c9600043-68ea-480e-ab53-e537a1b76b91', 'context': [<snowplow_tracker.self_describing_json.SelfDescribingJson object at 0x000001C8588E0210>]}
[0m21:25:27.750371 [info ] [MainThread]: 
[0m21:25:27.751129 [info ] [MainThread]: Concurrency: 4 threads (target='dev')
[0m21:25:27.751589 [info ] [MainThread]: 
[0m21:25:27.752456 [debug] [MainThread]: Acquiring new snowflake connection 'master'
[0m21:25:27.758148 [debug] [ThreadPool]: Acquiring new snowflake connection 'list_ATMOSYNC_DB_ANALYTICS'
[0m21:25:27.803390 [debug] [ThreadPool]: Using snowflake connection "list_ATMOSYNC_DB_ANALYTICS"
[0m21:25:27.804366 [debug] [ThreadPool]: On list_ATMOSYNC_DB_ANALYTICS: show objects in ATMOSYNC_DB.ANALYTICS
    limit 10000
    

/* {"app": "dbt", "dbt_version": "1.12.0", "profile_name": "atmosync_dbt", "target_name": "dev", "connection_name": "list_ATMOSYNC_DB_ANALYTICS"} */;
[0m21:25:27.804781 [debug] [ThreadPool]: Opening a new connection, currently in state init
[0m21:25:29.716804 [debug] [ThreadPool]: SQL status: SUCCESS 4 in 1.912 seconds
[0m21:25:29.737562 [debug] [ThreadPool]: Using snowflake connection "list_ATMOSYNC_DB_ANALYTICS"
[0m21:25:29.739122 [debug] [ThreadPool]: On list_ATMOSYNC_DB_ANALYTICS: show user functions in ATMOSYNC_DB.ANALYTICS
/* {"app": "dbt", "dbt_version": "1.12.0", "profile_name": "atmosync_dbt", "target_name": "dev", "connection_name": "list_ATMOSYNC_DB_ANALYTICS"} */
[0m21:25:30.313700 [debug] [ThreadPool]: SQL status: SUCCESS 0 in 0.573 seconds
[0m21:25:30.321362 [debug] [MainThread]: Sending event: {'category': 'dbt', 'action': 'runnable_timing', 'label': 'c9600043-68ea-480e-ab53-e537a1b76b91', 'context': [<snowplow_tracker.self_describing_json.SelfDescribingJson object at 0x000001C857867860>]}
[0m21:25:30.356487 [debug] [Thread-5 (]: Began running node test.atmosync_dbt.unique_fct_spoilage_arbitrage_container_id.05e7c429a5
[0m21:25:30.358298 [debug] [Thread-4 (]: Began running node test.atmosync_dbt.not_null_fct_spoilage_arbitrage_thermal_status.508e635479
[0m21:25:30.359586 [debug] [Thread-3 (]: Began running node test.atmosync_dbt.not_null_fct_spoilage_arbitrage_recommended_reroute_market.cdf7e79de9
[0m21:25:30.360764 [debug] [Thread-2 (]: Began running node test.atmosync_dbt.not_null_fct_spoilage_arbitrage_container_id.5336b1f0e8
[0m21:25:30.361936 [info ] [Thread-5 (]: 4 of 4 START test unique_fct_spoilage_arbitrage_container_id ................... [RUN]
[0m21:25:30.367962 [debug] [Thread-5 (]: Acquiring new snowflake connection 'test.atmosync_dbt.unique_fct_spoilage_arbitrage_container_id.05e7c429a5'
[0m21:25:30.368980 [debug] [Thread-5 (]: Began compiling node test.atmosync_dbt.unique_fct_spoilage_arbitrage_container_id.05e7c429a5
[0m21:25:30.365089 [info ] [Thread-3 (]: 2 of 4 START test not_null_fct_spoilage_arbitrage_recommended_reroute_market ... [RUN]
[0m21:25:30.363738 [info ] [Thread-4 (]: 3 of 4 START test not_null_fct_spoilage_arbitrage_thermal_status ............... [RUN]
[0m21:25:30.404437 [debug] [Thread-5 (]: Writing injected SQL for node "test.atmosync_dbt.unique_fct_spoilage_arbitrage_container_id.05e7c429a5"
[0m21:25:30.366489 [info ] [Thread-2 (]: 1 of 4 START test not_null_fct_spoilage_arbitrage_container_id ................. [RUN]
[0m21:25:30.405870 [debug] [Thread-3 (]: Acquiring new snowflake connection 'test.atmosync_dbt.not_null_fct_spoilage_arbitrage_recommended_reroute_market.cdf7e79de9'
[0m21:25:30.407212 [debug] [Thread-4 (]: Acquiring new snowflake connection 'test.atmosync_dbt.not_null_fct_spoilage_arbitrage_thermal_status.508e635479'
[0m21:25:30.409007 [debug] [Thread-2 (]: Acquiring new snowflake connection 'test.atmosync_dbt.not_null_fct_spoilage_arbitrage_container_id.5336b1f0e8'
[0m21:25:30.413118 [debug] [Thread-2 (]: Began compiling node test.atmosync_dbt.not_null_fct_spoilage_arbitrage_container_id.5336b1f0e8
[0m21:25:30.412493 [debug] [Thread-4 (]: Began compiling node test.atmosync_dbt.not_null_fct_spoilage_arbitrage_thermal_status.508e635479
[0m21:25:30.413639 [debug] [Thread-5 (]: Began executing node test.atmosync_dbt.unique_fct_spoilage_arbitrage_container_id.05e7c429a5
[0m21:25:30.411377 [debug] [Thread-3 (]: Began compiling node test.atmosync_dbt.not_null_fct_spoilage_arbitrage_recommended_reroute_market.cdf7e79de9
[0m21:25:30.430581 [debug] [Thread-2 (]: Writing injected SQL for node "test.atmosync_dbt.not_null_fct_spoilage_arbitrage_container_id.5336b1f0e8"
[0m21:25:30.445192 [debug] [Thread-4 (]: Writing injected SQL for node "test.atmosync_dbt.not_null_fct_spoilage_arbitrage_thermal_status.508e635479"
[0m21:25:30.482283 [debug] [Thread-3 (]: Writing injected SQL for node "test.atmosync_dbt.not_null_fct_spoilage_arbitrage_recommended_reroute_market.cdf7e79de9"
[0m21:25:30.485698 [debug] [Thread-5 (]: Writing runtime sql for node "test.atmosync_dbt.unique_fct_spoilage_arbitrage_container_id.05e7c429a5"
[0m21:25:30.488914 [debug] [Thread-2 (]: Began executing node test.atmosync_dbt.not_null_fct_spoilage_arbitrage_container_id.5336b1f0e8
[0m21:25:30.492929 [debug] [Thread-2 (]: Writing runtime sql for node "test.atmosync_dbt.not_null_fct_spoilage_arbitrage_container_id.5336b1f0e8"
[0m21:25:30.494400 [debug] [Thread-3 (]: Began executing node test.atmosync_dbt.not_null_fct_spoilage_arbitrage_recommended_reroute_market.cdf7e79de9
[0m21:25:30.499221 [debug] [Thread-3 (]: Writing runtime sql for node "test.atmosync_dbt.not_null_fct_spoilage_arbitrage_recommended_reroute_market.cdf7e79de9"
[0m21:25:30.496768 [debug] [Thread-4 (]: Began executing node test.atmosync_dbt.not_null_fct_spoilage_arbitrage_thermal_status.508e635479
[0m21:25:30.496242 [debug] [Thread-5 (]: Using snowflake connection "test.atmosync_dbt.unique_fct_spoilage_arbitrage_container_id.05e7c429a5"
[0m21:25:30.501900 [debug] [Thread-4 (]: Writing runtime sql for node "test.atmosync_dbt.not_null_fct_spoilage_arbitrage_thermal_status.508e635479"
[0m21:25:30.503043 [debug] [Thread-2 (]: Using snowflake connection "test.atmosync_dbt.not_null_fct_spoilage_arbitrage_container_id.5336b1f0e8"
[0m21:25:30.504408 [debug] [Thread-2 (]: On test.atmosync_dbt.not_null_fct_spoilage_arbitrage_container_id.5336b1f0e8: select
      count(*) as failures,
      count(*) != 0 as should_warn,
      count(*) != 0 as should_error
    from (
      
    
  
    
    



select container_id
from ATMOSYNC_DB.ANALYTICS.fct_spoilage_arbitrage
where container_id is null



  
  
      
    ) dbt_internal_test
/* {"app": "dbt", "dbt_version": "1.12.0", "profile_name": "atmosync_dbt", "target_name": "dev", "node_id": "test.atmosync_dbt.not_null_fct_spoilage_arbitrage_container_id.5336b1f0e8"} */
[0m21:25:30.504839 [debug] [Thread-2 (]: Opening a new connection, currently in state init
[0m21:25:30.506021 [debug] [Thread-3 (]: Using snowflake connection "test.atmosync_dbt.not_null_fct_spoilage_arbitrage_recommended_reroute_market.cdf7e79de9"
[0m21:25:30.506962 [debug] [Thread-3 (]: On test.atmosync_dbt.not_null_fct_spoilage_arbitrage_recommended_reroute_market.cdf7e79de9: select
      count(*) as failures,
      count(*) != 0 as should_warn,
      count(*) != 0 as should_error
    from (
      
    
  
    
    



select recommended_reroute_market
from ATMOSYNC_DB.ANALYTICS.fct_spoilage_arbitrage
where recommended_reroute_market is null



  
  
      
    ) dbt_internal_test
/* {"app": "dbt", "dbt_version": "1.12.0", "profile_name": "atmosync_dbt", "target_name": "dev", "node_id": "test.atmosync_dbt.not_null_fct_spoilage_arbitrage_recommended_reroute_market.cdf7e79de9"} */
[0m21:25:30.507721 [debug] [Thread-3 (]: Opening a new connection, currently in state init
[0m21:25:30.503613 [debug] [Thread-5 (]: On test.atmosync_dbt.unique_fct_spoilage_arbitrage_container_id.05e7c429a5: select
      count(*) as failures,
      count(*) != 0 as should_warn,
      count(*) != 0 as should_error
    from (
      
    
  
    
    

select
    container_id as unique_field,
    count(*) as n_records

from ATMOSYNC_DB.ANALYTICS.fct_spoilage_arbitrage
where container_id is not null
group by container_id
having count(*) > 1



  
  
      
    ) dbt_internal_test
/* {"app": "dbt", "dbt_version": "1.12.0", "profile_name": "atmosync_dbt", "target_name": "dev", "node_id": "test.atmosync_dbt.unique_fct_spoilage_arbitrage_container_id.05e7c429a5"} */
[0m21:25:30.509494 [debug] [Thread-5 (]: Opening a new connection, currently in state init
[0m21:25:30.508905 [debug] [Thread-4 (]: Using snowflake connection "test.atmosync_dbt.not_null_fct_spoilage_arbitrage_thermal_status.508e635479"
[0m21:25:30.511044 [debug] [Thread-4 (]: On test.atmosync_dbt.not_null_fct_spoilage_arbitrage_thermal_status.508e635479: select
      count(*) as failures,
      count(*) != 0 as should_warn,
      count(*) != 0 as should_error
    from (
      
    
  
    
    



select thermal_status
from ATMOSYNC_DB.ANALYTICS.fct_spoilage_arbitrage
where thermal_status is null



  
  
      
    ) dbt_internal_test
/* {"app": "dbt", "dbt_version": "1.12.0", "profile_name": "atmosync_dbt", "target_name": "dev", "node_id": "test.atmosync_dbt.not_null_fct_spoilage_arbitrage_thermal_status.508e635479"} */
[0m21:25:30.512108 [debug] [Thread-4 (]: Opening a new connection, currently in state init
[0m21:25:32.568972 [debug] [Thread-5 (]: SQL status: SUCCESS 1 in 2.059 seconds
[0m21:25:32.607758 [info ] [Thread-5 (]: 4 of 4 PASS unique_fct_spoilage_arbitrage_container_id ......................... [[32mPASS[0m in 2.24s]
[0m21:25:32.609759 [debug] [Thread-5 (]: Finished running node test.atmosync_dbt.unique_fct_spoilage_arbitrage_container_id.05e7c429a5
[0m21:25:32.874276 [debug] [Thread-2 (]: SQL status: SUCCESS 1 in 2.369 seconds
[0m21:25:32.878810 [info ] [Thread-2 (]: 1 of 4 PASS not_null_fct_spoilage_arbitrage_container_id ....................... [[32mPASS[0m in 2.47s]
[0m21:25:32.882085 [debug] [Thread-2 (]: Finished running node test.atmosync_dbt.not_null_fct_spoilage_arbitrage_container_id.5336b1f0e8
[0m21:25:32.881133 [debug] [Thread-4 (]: SQL status: SUCCESS 1 in 2.369 seconds
[0m21:25:32.882958 [debug] [Thread-3 (]: SQL status: SUCCESS 1 in 2.375 seconds
[0m21:25:32.886966 [info ] [Thread-4 (]: 3 of 4 PASS not_null_fct_spoilage_arbitrage_thermal_status ..................... [[32mPASS[0m in 2.48s]
[0m21:25:32.893193 [debug] [Thread-4 (]: Finished running node test.atmosync_dbt.not_null_fct_spoilage_arbitrage_thermal_status.508e635479
[0m21:25:32.891359 [info ] [Thread-3 (]: 2 of 4 PASS not_null_fct_spoilage_arbitrage_recommended_reroute_market ......... [[32mPASS[0m in 2.49s]
[0m21:25:32.895990 [debug] [Thread-3 (]: Finished running node test.atmosync_dbt.not_null_fct_spoilage_arbitrage_recommended_reroute_market.cdf7e79de9
[0m21:25:32.898576 [debug] [MainThread]: Connection 'master' was properly closed.
[0m21:25:32.899437 [debug] [MainThread]: Connection 'list_ATMOSYNC_DB_ANALYTICS' was left open.
[0m21:25:32.900074 [debug] [MainThread]: On list_ATMOSYNC_DB_ANALYTICS: Close
[0m21:25:33.285359 [debug] [MainThread]: Connection 'test.atmosync_dbt.unique_fct_spoilage_arbitrage_container_id.05e7c429a5' was left open.
[0m21:25:33.285883 [debug] [MainThread]: On test.atmosync_dbt.unique_fct_spoilage_arbitrage_container_id.05e7c429a5: Close
[0m21:25:33.700218 [debug] [MainThread]: Connection 'test.atmosync_dbt.not_null_fct_spoilage_arbitrage_recommended_reroute_market.cdf7e79de9' was left open.
[0m21:25:33.701910 [debug] [MainThread]: On test.atmosync_dbt.not_null_fct_spoilage_arbitrage_recommended_reroute_market.cdf7e79de9: Close
[0m21:25:34.102439 [debug] [MainThread]: Connection 'test.atmosync_dbt.not_null_fct_spoilage_arbitrage_thermal_status.508e635479' was left open.
[0m21:25:34.103180 [debug] [MainThread]: On test.atmosync_dbt.not_null_fct_spoilage_arbitrage_thermal_status.508e635479: Close
[0m21:25:34.615154 [debug] [MainThread]: Connection 'test.atmosync_dbt.not_null_fct_spoilage_arbitrage_container_id.5336b1f0e8' was left open.
[0m21:25:34.616223 [debug] [MainThread]: On test.atmosync_dbt.not_null_fct_spoilage_arbitrage_container_id.5336b1f0e8: Close
[0m21:25:35.025089 [info ] [MainThread]: 
[0m21:25:35.026166 [info ] [MainThread]: Finished running 4 data tests in 0 hours 0 minutes and 7.27 seconds (7.27s).
[0m21:25:35.030000 [debug] [MainThread]: Command end result
[0m21:25:35.097762 [debug] [MainThread]: Wrote artifact WritableManifest to D:\Infotact solutions\Project\AtmoSync - analytics\atmosync_dbt\target\manifest.json
[0m21:25:35.104499 [debug] [MainThread]: Wrote artifact SemanticManifest to D:\Infotact solutions\Project\AtmoSync - analytics\atmosync_dbt\target\semantic_manifest.json
[0m21:25:35.111746 [debug] [MainThread]: Wrote artifact OsiDocument to D:\Infotact solutions\Project\AtmoSync - analytics\atmosync_dbt\target\osi_document.json
[0m21:25:35.124308 [debug] [MainThread]: Wrote artifact RunExecutionResult to D:\Infotact solutions\Project\AtmoSync - analytics\atmosync_dbt\target\run_results.json
[0m21:25:35.125097 [info ] [MainThread]: 
[0m21:25:35.126455 [info ] [MainThread]: [32mCompleted successfully[0m
[0m21:25:35.127439 [info ] [MainThread]: 
[0m21:25:35.128279 [info ] [MainThread]: Done. PASS=4 WARN=0 ERROR=0 SKIP=0 NO-OP=0 REUSED=0 TOTAL=4
[0m21:25:35.129384 [debug] [MainThread]: Command `dbt test` succeeded at 21:25:35.129210 after 12.46 seconds
[0m21:25:35.129834 [debug] [MainThread]: Sending event: {'category': 'dbt', 'action': 'invocation', 'label': 'end', 'context': [<snowplow_tracker.self_describing_json.SelfDescribingJson object at 0x000001C85784FB90>, <snowplow_tracker.self_describing_json.SelfDescribingJson object at 0x000001C842B94C00>, <snowplow_tracker.self_describing_json.SelfDescribingJson object at 0x000001C858C6A0A0>]}
[0m21:25:35.130317 [debug] [MainThread]: Flushing usage events
[0m21:25:37.685360 [debug] [MainThread]: An error was encountered while trying to flush usage events
[0m21:48:59.055623 [debug] [MainThread]: Sending event: {'category': 'dbt', 'action': 'invocation', 'label': 'start', 'context': [<snowplow_tracker.self_describing_json.SelfDescribingJson object at 0x0000024EE59DC830>, <snowplow_tracker.self_describing_json.SelfDescribingJson object at 0x0000024EE32E0B90>, <snowplow_tracker.self_describing_json.SelfDescribingJson object at 0x0000024EE822F890>]}


============================== 21:48:59.075436 | cc026de0-db84-4ca2-acac-bbfd5e1c329a ==============================
[0m21:48:59.075436 [info ] [MainThread]: Running with dbt=1.12.0
[0m21:48:59.076373 [debug] [MainThread]: running dbt with arguments {'maximum_seed_size_mib': '1', 'no_print': 'None', 'static_parser': 'True', 'target_path': 'None', 'version_check': 'True', 'warn_error_options': 'WarnErrorOptionsV2(error=[], warn=[], silence=[])', 'printer_width': '80', 'write_json': 'True', 'introspect': 'True', 'log_cache_events': 'False', 'empty': 'False', 'cache_selected_only': 'False', 'log_format': 'default', 'debug': 'False', 'fail_fast': 'False', 'partial_parse': 'True', 'send_anonymous_usage_stats': 'True', 'quiet': 'False', 'warn_error': 'None', 'profiles_dir': 'C:\\Users\\HP\\.dbt', 'invocation_command': 'dbt run', 'hints_enabled': 'True', 'use_colors': 'True', 'use_experimental_parser': 'False', 'indirect_selection': 'eager', 'log_path': 'D:\\Infotact solutions\\Project\\AtmoSync - analytics\\atmosync_dbt\\logs'}
[0m21:49:00.672783 [debug] [MainThread]: Snowflake adapter: Setting snowflake.connector to ERROR (file logging only)
[0m21:49:00.673286 [debug] [MainThread]: Snowflake adapter: Setting botocore to ERROR (file logging only)
[0m21:49:00.673634 [debug] [MainThread]: Snowflake adapter: Setting boto3 to ERROR (file logging only)
[0m21:49:01.070465 [debug] [MainThread]: Sending event: {'category': 'dbt', 'action': 'project_id', 'label': 'cc026de0-db84-4ca2-acac-bbfd5e1c329a', 'context': [<snowplow_tracker.self_describing_json.SelfDescribingJson object at 0x0000024EF6B0CB00>]}
[0m21:49:01.127808 [debug] [MainThread]: Sending event: {'category': 'dbt', 'action': 'adapter_info', 'label': 'cc026de0-db84-4ca2-acac-bbfd5e1c329a', 'context': [<snowplow_tracker.self_describing_json.SelfDescribingJson object at 0x0000024EFA16FF00>]}
[0m21:49:01.129992 [info ] [MainThread]: Registered adapter: snowflake=1.12.0
[0m21:49:01.846559 [debug] [MainThread]: checksum: 44cfe2fe4a21c7df33efd3500815905e782cd1dfc95fd168940d6cd5a95f23b5, vars: {}, profile: atmosync_dbt, target: dev, version: 1.12.0
[0m21:49:02.128340 [debug] [MainThread]: Partial parsing enabled: 0 files deleted, 0 files added, 0 files changed.
[0m21:49:02.128981 [debug] [MainThread]: Nothing changed, skipping partial parsing.
[0m21:49:02.129427 [debug] [MainThread]: Partial parsing enabled, no changes found, skipping parsing
[0m21:49:02.138176 [warn ] [MainThread]: [[33mWARNING[0m]: Configuration paths exist in your dbt_project.yml file which do not apply to any resources.
There are 1 unused configuration paths:
- models.atmosync_dbt.example
[0m21:49:02.142985 [debug] [MainThread]: Sending event: {'category': 'dbt', 'action': 'load_project', 'label': 'cc026de0-db84-4ca2-acac-bbfd5e1c329a', 'context': [<snowplow_tracker.self_describing_json.SelfDescribingJson object at 0x0000024EFA5D3650>]}
[0m21:49:02.290048 [debug] [MainThread]: Wrote artifact WritableManifest to D:\Infotact solutions\Project\AtmoSync - analytics\atmosync_dbt\target\manifest.json
[0m21:49:02.295455 [debug] [MainThread]: Wrote artifact SemanticManifest to D:\Infotact solutions\Project\AtmoSync - analytics\atmosync_dbt\target\semantic_manifest.json
[0m21:49:02.351279 [debug] [MainThread]: Wrote artifact OsiDocument to D:\Infotact solutions\Project\AtmoSync - analytics\atmosync_dbt\target\osi_document.json
[0m21:49:02.375536 [debug] [MainThread]: Sending event: {'category': 'dbt', 'action': 'resource_counts', 'label': 'cc026de0-db84-4ca2-acac-bbfd5e1c329a', 'context': [<snowplow_tracker.self_describing_json.SelfDescribingJson object at 0x0000024EFA8636B0>]}
[0m21:49:02.376129 [info ] [MainThread]: Found 2 models, 4 data tests, 2 sources, 545 macros
[0m21:49:02.376598 [debug] [MainThread]: Sending event: {'category': 'dbt', 'action': 'runnable_timing', 'label': 'cc026de0-db84-4ca2-acac-bbfd5e1c329a', 'context': [<snowplow_tracker.self_describing_json.SelfDescribingJson object at 0x0000024EFA87B850>]}
[0m21:49:02.378863 [info ] [MainThread]: 
[0m21:49:02.379691 [info ] [MainThread]: Concurrency: 4 threads (target='dev')
[0m21:49:02.380320 [info ] [MainThread]: 
[0m21:49:02.381362 [debug] [MainThread]: Acquiring new snowflake connection 'master'
[0m21:49:02.385815 [debug] [ThreadPool]: Acquiring new snowflake connection 'list_ATMOSYNC_DB'
[0m21:49:02.403421 [debug] [ThreadPool]: Using snowflake connection "list_ATMOSYNC_DB"
[0m21:49:02.403857 [debug] [ThreadPool]: On list_ATMOSYNC_DB: show terse schemas in database ATMOSYNC_DB
    limit 10000
/* {"app": "dbt", "dbt_version": "1.12.0", "profile_name": "atmosync_dbt", "target_name": "dev", "connection_name": "list_ATMOSYNC_DB"} */
[0m21:49:02.404285 [debug] [ThreadPool]: Opening a new connection, currently in state init
[0m21:49:07.019829 [debug] [ThreadPool]: SQL status: SUCCESS 4 in 4.615 seconds
[0m21:49:07.024335 [debug] [ThreadPool]: Acquiring new snowflake connection 'list_ATMOSYNC_DB_ANALYTICS'
[0m21:49:07.043393 [debug] [ThreadPool]: Using snowflake connection "list_ATMOSYNC_DB_ANALYTICS"
[0m21:49:07.044164 [debug] [ThreadPool]: On list_ATMOSYNC_DB_ANALYTICS: show objects in ATMOSYNC_DB.ANALYTICS
    limit 10000
    

/* {"app": "dbt", "dbt_version": "1.12.0", "profile_name": "atmosync_dbt", "target_name": "dev", "connection_name": "list_ATMOSYNC_DB_ANALYTICS"} */;
[0m21:49:07.044839 [debug] [ThreadPool]: Opening a new connection, currently in state init
[0m21:49:11.226148 [debug] [ThreadPool]: SQL status: SUCCESS 4 in 4.181 seconds
[0m21:49:11.233959 [debug] [ThreadPool]: Using snowflake connection "list_ATMOSYNC_DB_ANALYTICS"
[0m21:49:11.234373 [debug] [ThreadPool]: On list_ATMOSYNC_DB_ANALYTICS: show user functions in ATMOSYNC_DB.ANALYTICS
/* {"app": "dbt", "dbt_version": "1.12.0", "profile_name": "atmosync_dbt", "target_name": "dev", "connection_name": "list_ATMOSYNC_DB_ANALYTICS"} */
[0m21:49:11.653124 [debug] [ThreadPool]: SQL status: SUCCESS 0 in 0.418 seconds
[0m21:49:11.655796 [debug] [MainThread]: Sending event: {'category': 'dbt', 'action': 'runnable_timing', 'label': 'cc026de0-db84-4ca2-acac-bbfd5e1c329a', 'context': [<snowplow_tracker.self_describing_json.SelfDescribingJson object at 0x0000024EFA408870>]}
[0m21:49:11.661868 [debug] [Thread-2 (]: Began running node model.atmosync_dbt.stg_container_telemetry
[0m21:49:11.662482 [info ] [Thread-2 (]: 1 of 2 START sql view model ANALYTICS.stg_container_telemetry .................. [RUN]
[0m21:49:11.663199 [debug] [Thread-2 (]: Acquiring new snowflake connection 'model.atmosync_dbt.stg_container_telemetry'
[0m21:49:11.663596 [debug] [Thread-2 (]: Began compiling node model.atmosync_dbt.stg_container_telemetry
[0m21:49:11.669443 [debug] [Thread-2 (]: Writing injected SQL for node "model.atmosync_dbt.stg_container_telemetry"
[0m21:49:11.673255 [debug] [Thread-2 (]: Began executing node model.atmosync_dbt.stg_container_telemetry
[0m21:49:11.702780 [debug] [Thread-2 (]: Writing runtime sql for node "model.atmosync_dbt.stg_container_telemetry"
[0m21:49:11.707701 [debug] [Thread-2 (]: Using snowflake connection "model.atmosync_dbt.stg_container_telemetry"
[0m21:49:11.708129 [debug] [Thread-2 (]: On model.atmosync_dbt.stg_container_telemetry: create or replace   view ATMOSYNC_DB.ANALYTICS.stg_container_telemetry
  
  
  
  
  as (
    WITH raw_source AS (
    SELECT * FROM ATMOSYNC_DB.RAW.RAW_CONTAINER_TELEMETRY
)

SELECT
    raw_payload:event_id::STRING AS event_id,
    raw_payload:container_id::STRING AS container_id,
    raw_payload:commodity::STRING AS commodity,
    raw_payload:timestamp::TIMESTAMP AS event_timestamp,
    raw_payload:telemetry.temperature_c::FLOAT AS temperature_c,
    raw_payload:telemetry.humidity_pct::FLOAT AS humidity_pct,
    raw_payload:telemetry.vibration_g::FLOAT AS vibration_g,
    raw_payload:location.latitude::FLOAT AS latitude,
    raw_payload:location.longitude::FLOAT AS longitude,
    ingested_at
FROM raw_source
  )
/* {"app": "dbt", "dbt_version": "1.12.0", "profile_name": "atmosync_dbt", "target_name": "dev", "node_id": "model.atmosync_dbt.stg_container_telemetry"} */;
[0m21:49:11.708456 [debug] [Thread-2 (]: Opening a new connection, currently in state init
[0m21:49:15.560792 [debug] [Thread-2 (]: SQL status: SUCCESS 1 in 3.852 seconds
[0m21:49:15.586591 [debug] [Thread-2 (]: Sending event: {'category': 'dbt', 'action': 'run_model', 'label': 'cc026de0-db84-4ca2-acac-bbfd5e1c329a', 'context': [<snowplow_tracker.self_describing_json.SelfDescribingJson object at 0x0000024EFA917E90>]}
[0m21:49:15.587243 [info ] [Thread-2 (]: 1 of 2 OK created sql view model ANALYTICS.stg_container_telemetry ............. [[32mSUCCESS 1[0m in 3.92s]
[0m21:49:15.588103 [debug] [Thread-2 (]: Finished running node model.atmosync_dbt.stg_container_telemetry
[0m21:49:15.588836 [debug] [Thread-3 (]: Began running node model.atmosync_dbt.fct_spoilage_arbitrage
[0m21:49:15.589301 [info ] [Thread-3 (]: 2 of 2 START sql view model ANALYTICS.fct_spoilage_arbitrage ................... [RUN]
[0m21:49:15.590012 [debug] [Thread-3 (]: Acquiring new snowflake connection 'model.atmosync_dbt.fct_spoilage_arbitrage'
[0m21:49:15.590306 [debug] [Thread-3 (]: Began compiling node model.atmosync_dbt.fct_spoilage_arbitrage
[0m21:49:15.592742 [debug] [Thread-3 (]: Writing injected SQL for node "model.atmosync_dbt.fct_spoilage_arbitrage"
[0m21:49:15.688199 [debug] [Thread-3 (]: Began executing node model.atmosync_dbt.fct_spoilage_arbitrage
[0m21:49:15.690896 [debug] [Thread-3 (]: Writing runtime sql for node "model.atmosync_dbt.fct_spoilage_arbitrage"
[0m21:49:15.694597 [debug] [Thread-3 (]: Using snowflake connection "model.atmosync_dbt.fct_spoilage_arbitrage"
[0m21:49:15.695142 [debug] [Thread-3 (]: On model.atmosync_dbt.fct_spoilage_arbitrage: create or replace   view ATMOSYNC_DB.ANALYTICS.fct_spoilage_arbitrage
  
  
  
  
  as (
    WITH latest_telemetry AS (
    SELECT 
        container_id,
        commodity,
        temperature_c,
        humidity_pct,
        latitude,
        longitude,
        event_timestamp,
        ROW_NUMBER() OVER (PARTITION BY container_id ORDER BY event_timestamp DESC) as rn
    FROM ATMOSYNC_DB.ANALYTICS.stg_container_telemetry
),

current_status AS (
    SELECT * 
    FROM latest_telemetry 
    WHERE rn = 1
),

calculated_risk AS (
    SELECT 
        t.container_id,
        t.commodity,
        t.temperature_c,
        t.latitude AS current_lat,
        t.longitude AS current_lon,
        t.event_timestamp,
        
        -- Quality degradation: 12.5% loss per degree above 6.0°C threshold
        CASE 
            WHEN t.temperature_c > 6.0 THEN GREATEST(0, (t.temperature_c - 6.0) * 12.5)
            ELSE 0 
        END AS quality_degradation_pct,
        
        -- Thermal risk classification
        CASE 
            WHEN t.temperature_c > 6.0 THEN 'CRITICAL - HIGH SPOILAGE'
            WHEN t.temperature_c > 4.5 THEN 'WARNING - TEMP DRIFT'
            ELSE 'OPTIMAL'
        END AS thermal_status
    FROM current_status t
)

SELECT 
    cr.container_id,
    cr.commodity,
    cr.temperature_c,
    cr.current_lat,
    cr.current_lon,
    cr.event_timestamp,
    cr.quality_degradation_pct,
    cr.thermal_status,
    mp.market_id AS recommended_reroute_market,
    mp.market_name,
    mp.base_price_per_ton,
    
    -- Calculated Salvage Value (Remaining market value per ton)
    ROUND(mp.base_price_per_ton * (1 - (cr.quality_degradation_pct / 100.0)), 2) AS salvage_value_per_ton,
    
    -- Estimated Financial Loss Prevented per ton by rerouting
    ROUND(mp.base_price_per_ton * (cr.quality_degradation_pct / 100.0), 2) AS arbitrage_loss_prevented
FROM calculated_risk cr
CROSS JOIN ATMOSYNC_DB.RAW.MARKET_PRICING mp
WHERE mp.commodity = cr.commodity
  AND mp.market_id = CASE 
                        WHEN cr.thermal_status = 'CRITICAL - HIGH SPOILAGE' THEN 'MKT-LIS' 
                        ELSE 'MKT-ROT' 
                     END
  )
/* {"app": "dbt", "dbt_version": "1.12.0", "profile_name": "atmosync_dbt", "target_name": "dev", "node_id": "model.atmosync_dbt.fct_spoilage_arbitrage"} */;
[0m21:49:15.695556 [debug] [Thread-3 (]: Opening a new connection, currently in state init
[0m21:49:24.208266 [debug] [Thread-3 (]: SQL status: SUCCESS 1 in 8.513 seconds
[0m21:49:24.210754 [debug] [Thread-3 (]: Sending event: {'category': 'dbt', 'action': 'run_model', 'label': 'cc026de0-db84-4ca2-acac-bbfd5e1c329a', 'context': [<snowplow_tracker.self_describing_json.SelfDescribingJson object at 0x0000024EFA311BD0>]}
[0m21:49:24.211419 [info ] [Thread-3 (]: 2 of 2 OK created sql view model ANALYTICS.fct_spoilage_arbitrage .............. [[32mSUCCESS 1[0m in 8.62s]
[0m21:49:24.212221 [debug] [Thread-3 (]: Finished running node model.atmosync_dbt.fct_spoilage_arbitrage
[0m21:49:24.213794 [debug] [MainThread]: Connection 'master' was properly closed.
[0m21:49:24.214108 [debug] [MainThread]: Connection 'list_ATMOSYNC_DB' was left open.
[0m21:49:24.214354 [debug] [MainThread]: On list_ATMOSYNC_DB: Close
[0m21:49:24.834262 [debug] [MainThread]: Connection 'list_ATMOSYNC_DB_ANALYTICS' was left open.
[0m21:49:24.834666 [debug] [MainThread]: On list_ATMOSYNC_DB_ANALYTICS: Close
[0m21:49:25.696971 [debug] [MainThread]: Connection 'model.atmosync_dbt.stg_container_telemetry' was left open.
[0m21:49:25.697668 [debug] [MainThread]: On model.atmosync_dbt.stg_container_telemetry: Close
[0m21:49:27.231534 [debug] [MainThread]: Connection 'model.atmosync_dbt.fct_spoilage_arbitrage' was left open.
[0m21:49:27.232348 [debug] [MainThread]: On model.atmosync_dbt.fct_spoilage_arbitrage: Close
[0m21:49:28.175393 [info ] [MainThread]: 
[0m21:49:28.176138 [info ] [MainThread]: Finished running 2 view models in 0 hours 0 minutes and 25.79 seconds (25.79s).
[0m21:49:28.177084 [debug] [MainThread]: Command end result
[0m21:49:28.209961 [debug] [MainThread]: Wrote artifact WritableManifest to D:\Infotact solutions\Project\AtmoSync - analytics\atmosync_dbt\target\manifest.json
[0m21:49:28.213652 [debug] [MainThread]: Wrote artifact SemanticManifest to D:\Infotact solutions\Project\AtmoSync - analytics\atmosync_dbt\target\semantic_manifest.json
[0m21:49:28.216939 [debug] [MainThread]: Wrote artifact OsiDocument to D:\Infotact solutions\Project\AtmoSync - analytics\atmosync_dbt\target\osi_document.json
[0m21:49:28.223976 [debug] [MainThread]: Wrote artifact RunExecutionResult to D:\Infotact solutions\Project\AtmoSync - analytics\atmosync_dbt\target\run_results.json
[0m21:49:28.224409 [info ] [MainThread]: 
[0m21:49:28.225022 [info ] [MainThread]: [32mCompleted successfully[0m
[0m21:49:28.225500 [info ] [MainThread]: 
[0m21:49:28.225934 [info ] [MainThread]: Done. PASS=2 WARN=0 ERROR=0 SKIP=0 NO-OP=0 REUSED=0 TOTAL=2
[0m21:49:28.226671 [debug] [MainThread]: Command `dbt run` succeeded at 21:49:28.226573 after 29.68 seconds
[0m21:49:28.226998 [debug] [MainThread]: Sending event: {'category': 'dbt', 'action': 'invocation', 'label': 'end', 'context': [<snowplow_tracker.self_describing_json.SelfDescribingJson object at 0x0000024EFA2F8190>, <snowplow_tracker.self_describing_json.SelfDescribingJson object at 0x0000024EFA9005F0>, <snowplow_tracker.self_describing_json.SelfDescribingJson object at 0x0000024EFA3152D0>]}
[0m21:49:28.227346 [debug] [MainThread]: Flushing usage events
[0m21:49:31.811398 [debug] [MainThread]: An error was encountered while trying to flush usage events
[0m21:49:40.242707 [debug] [MainThread]: Sending event: {'category': 'dbt', 'action': 'invocation', 'label': 'start', 'context': [<snowplow_tracker.self_describing_json.SelfDescribingJson object at 0x000001EE5B92C830>, <snowplow_tracker.self_describing_json.SelfDescribingJson object at 0x000001EE59220B90>, <snowplow_tracker.self_describing_json.SelfDescribingJson object at 0x000001EE5E17B890>]}


============================== 21:49:40.247034 | d4368e45-791e-4716-8f76-e8bc479ee90b ==============================
[0m21:49:40.247034 [info ] [MainThread]: Running with dbt=1.12.0
[0m21:49:40.247678 [debug] [MainThread]: running dbt with arguments {'maximum_seed_size_mib': '1', 'no_print': 'None', 'static_parser': 'True', 'warn_error_options': 'WarnErrorOptionsV2(error=[], warn=[], silence=[])', 'version_check': 'True', 'target_path': 'None', 'printer_width': '80', 'write_json': 'True', 'introspect': 'True', 'log_cache_events': 'False', 'empty': 'None', 'cache_selected_only': 'False', 'log_format': 'default', 'debug': 'False', 'fail_fast': 'False', 'profiles_dir': 'C:\\Users\\HP\\.dbt', 'send_anonymous_usage_stats': 'True', 'quiet': 'False', 'warn_error': 'None', 'partial_parse': 'True', 'use_colors': 'True', 'hints_enabled': 'True', 'indirect_selection': 'eager', 'use_experimental_parser': 'False', 'invocation_command': 'dbt test', 'log_path': 'D:\\Infotact solutions\\Project\\AtmoSync - analytics\\atmosync_dbt\\logs'}
[0m21:49:41.093808 [debug] [MainThread]: Snowflake adapter: Setting snowflake.connector to ERROR (file logging only)
[0m21:49:41.094523 [debug] [MainThread]: Snowflake adapter: Setting botocore to ERROR (file logging only)
[0m21:49:41.095023 [debug] [MainThread]: Snowflake adapter: Setting boto3 to ERROR (file logging only)
[0m21:49:41.356403 [debug] [MainThread]: Sending event: {'category': 'dbt', 'action': 'project_id', 'label': 'd4368e45-791e-4716-8f76-e8bc479ee90b', 'context': [<snowplow_tracker.self_describing_json.SelfDescribingJson object at 0x000001EE6CA2CB00>]}
[0m21:49:41.413790 [debug] [MainThread]: Sending event: {'category': 'dbt', 'action': 'adapter_info', 'label': 'd4368e45-791e-4716-8f76-e8bc479ee90b', 'context': [<snowplow_tracker.self_describing_json.SelfDescribingJson object at 0x000001EE7009BF00>]}
[0m21:49:41.415354 [info ] [MainThread]: Registered adapter: snowflake=1.12.0
[0m21:49:41.762043 [debug] [MainThread]: checksum: 44cfe2fe4a21c7df33efd3500815905e782cd1dfc95fd168940d6cd5a95f23b5, vars: {}, profile: atmosync_dbt, target: dev, version: 1.12.0
[0m21:49:41.928592 [debug] [MainThread]: Partial parsing enabled: 0 files deleted, 0 files added, 0 files changed.
[0m21:49:41.928978 [debug] [MainThread]: Nothing changed, skipping partial parsing.
[0m21:49:41.929236 [debug] [MainThread]: Partial parsing enabled, no changes found, skipping parsing
[0m21:49:41.934404 [warn ] [MainThread]: [[33mWARNING[0m]: Configuration paths exist in your dbt_project.yml file which do not apply to any resources.
There are 1 unused configuration paths:
- models.atmosync_dbt.example
[0m21:49:41.938397 [debug] [MainThread]: Sending event: {'category': 'dbt', 'action': 'load_project', 'label': 'd4368e45-791e-4716-8f76-e8bc479ee90b', 'context': [<snowplow_tracker.self_describing_json.SelfDescribingJson object at 0x000001EE704A7650>]}
[0m21:49:42.077429 [debug] [MainThread]: Wrote artifact WritableManifest to D:\Infotact solutions\Project\AtmoSync - analytics\atmosync_dbt\target\manifest.json
[0m21:49:42.081135 [debug] [MainThread]: Wrote artifact SemanticManifest to D:\Infotact solutions\Project\AtmoSync - analytics\atmosync_dbt\target\semantic_manifest.json
[0m21:49:42.108032 [debug] [MainThread]: Wrote artifact OsiDocument to D:\Infotact solutions\Project\AtmoSync - analytics\atmosync_dbt\target\osi_document.json
[0m21:49:42.142940 [debug] [MainThread]: Sending event: {'category': 'dbt', 'action': 'resource_counts', 'label': 'd4368e45-791e-4716-8f76-e8bc479ee90b', 'context': [<snowplow_tracker.self_describing_json.SelfDescribingJson object at 0x000001EE707756D0>]}
[0m21:49:42.143447 [info ] [MainThread]: Found 2 models, 4 data tests, 2 sources, 545 macros
[0m21:49:42.144010 [debug] [MainThread]: Sending event: {'category': 'dbt', 'action': 'runnable_timing', 'label': 'd4368e45-791e-4716-8f76-e8bc479ee90b', 'context': [<snowplow_tracker.self_describing_json.SelfDescribingJson object at 0x000001EE70817E70>]}
[0m21:49:42.146068 [info ] [MainThread]: 
[0m21:49:42.146717 [info ] [MainThread]: Concurrency: 4 threads (target='dev')
[0m21:49:42.147521 [info ] [MainThread]: 
[0m21:49:42.148154 [debug] [MainThread]: Acquiring new snowflake connection 'master'
[0m21:49:42.152625 [debug] [ThreadPool]: Acquiring new snowflake connection 'list_ATMOSYNC_DB_ANALYTICS'
[0m21:49:42.174571 [debug] [ThreadPool]: Using snowflake connection "list_ATMOSYNC_DB_ANALYTICS"
[0m21:49:42.174940 [debug] [ThreadPool]: On list_ATMOSYNC_DB_ANALYTICS: show objects in ATMOSYNC_DB.ANALYTICS
    limit 10000
    

/* {"app": "dbt", "dbt_version": "1.12.0", "profile_name": "atmosync_dbt", "target_name": "dev", "connection_name": "list_ATMOSYNC_DB_ANALYTICS"} */;
[0m21:49:42.175189 [debug] [ThreadPool]: Opening a new connection, currently in state init
[0m21:49:44.858881 [debug] [ThreadPool]: SQL status: SUCCESS 4 in 2.684 seconds
[0m21:49:44.865156 [debug] [ThreadPool]: Using snowflake connection "list_ATMOSYNC_DB_ANALYTICS"
[0m21:49:44.865582 [debug] [ThreadPool]: On list_ATMOSYNC_DB_ANALYTICS: show user functions in ATMOSYNC_DB.ANALYTICS
/* {"app": "dbt", "dbt_version": "1.12.0", "profile_name": "atmosync_dbt", "target_name": "dev", "connection_name": "list_ATMOSYNC_DB_ANALYTICS"} */
[0m21:49:45.819975 [debug] [ThreadPool]: SQL status: SUCCESS 0 in 0.954 seconds
[0m21:49:45.822490 [debug] [MainThread]: Sending event: {'category': 'dbt', 'action': 'runnable_timing', 'label': 'd4368e45-791e-4716-8f76-e8bc479ee90b', 'context': [<snowplow_tracker.self_describing_json.SelfDescribingJson object at 0x000001EE70896680>]}
[0m21:49:45.827435 [debug] [Thread-2 (]: Began running node test.atmosync_dbt.not_null_fct_spoilage_arbitrage_container_id.5336b1f0e8
[0m21:49:45.828230 [debug] [Thread-4 (]: Began running node test.atmosync_dbt.not_null_fct_spoilage_arbitrage_thermal_status.508e635479
[0m21:49:45.829364 [debug] [Thread-5 (]: Began running node test.atmosync_dbt.unique_fct_spoilage_arbitrage_container_id.05e7c429a5
[0m21:49:45.829041 [info ] [Thread-4 (]: 3 of 4 START test not_null_fct_spoilage_arbitrage_thermal_status ............... [RUN]
[0m21:49:45.830208 [debug] [Thread-4 (]: Acquiring new snowflake connection 'test.atmosync_dbt.not_null_fct_spoilage_arbitrage_thermal_status.508e635479'
[0m21:49:45.830538 [debug] [Thread-4 (]: Began compiling node test.atmosync_dbt.not_null_fct_spoilage_arbitrage_thermal_status.508e635479
[0m21:49:45.827909 [info ] [Thread-2 (]: 1 of 4 START test not_null_fct_spoilage_arbitrage_container_id ................. [RUN]
[0m21:49:45.828609 [debug] [Thread-3 (]: Began running node test.atmosync_dbt.not_null_fct_spoilage_arbitrage_recommended_reroute_market.cdf7e79de9
[0m21:49:45.856852 [debug] [Thread-4 (]: Writing injected SQL for node "test.atmosync_dbt.not_null_fct_spoilage_arbitrage_thermal_status.508e635479"
[0m21:49:45.857831 [debug] [Thread-2 (]: Acquiring new snowflake connection 'test.atmosync_dbt.not_null_fct_spoilage_arbitrage_container_id.5336b1f0e8'
[0m21:49:45.859372 [debug] [Thread-2 (]: Began compiling node test.atmosync_dbt.not_null_fct_spoilage_arbitrage_container_id.5336b1f0e8
[0m21:49:45.865018 [debug] [Thread-2 (]: Writing injected SQL for node "test.atmosync_dbt.not_null_fct_spoilage_arbitrage_container_id.5336b1f0e8"
[0m21:49:45.858553 [info ] [Thread-3 (]: 2 of 4 START test not_null_fct_spoilage_arbitrage_recommended_reroute_market ... [RUN]
[0m21:49:45.829719 [info ] [Thread-5 (]: 4 of 4 START test unique_fct_spoilage_arbitrage_container_id ................... [RUN]
[0m21:49:45.867174 [debug] [Thread-5 (]: Acquiring new snowflake connection 'test.atmosync_dbt.unique_fct_spoilage_arbitrage_container_id.05e7c429a5'
[0m21:49:45.866123 [debug] [Thread-3 (]: Acquiring new snowflake connection 'test.atmosync_dbt.not_null_fct_spoilage_arbitrage_recommended_reroute_market.cdf7e79de9'
[0m21:49:45.868972 [debug] [Thread-3 (]: Began compiling node test.atmosync_dbt.not_null_fct_spoilage_arbitrage_recommended_reroute_market.cdf7e79de9
[0m21:49:45.874896 [debug] [Thread-3 (]: Writing injected SQL for node "test.atmosync_dbt.not_null_fct_spoilage_arbitrage_recommended_reroute_market.cdf7e79de9"
[0m21:49:45.867826 [debug] [Thread-5 (]: Began compiling node test.atmosync_dbt.unique_fct_spoilage_arbitrage_container_id.05e7c429a5
[0m21:49:45.883667 [debug] [Thread-5 (]: Writing injected SQL for node "test.atmosync_dbt.unique_fct_spoilage_arbitrage_container_id.05e7c429a5"
[0m21:49:45.888478 [debug] [Thread-3 (]: Began executing node test.atmosync_dbt.not_null_fct_spoilage_arbitrage_recommended_reroute_market.cdf7e79de9
[0m21:49:45.900072 [debug] [Thread-4 (]: Began executing node test.atmosync_dbt.not_null_fct_spoilage_arbitrage_thermal_status.508e635479
[0m21:49:45.923443 [debug] [Thread-3 (]: Writing runtime sql for node "test.atmosync_dbt.not_null_fct_spoilage_arbitrage_recommended_reroute_market.cdf7e79de9"
[0m21:49:45.924139 [debug] [Thread-4 (]: Writing runtime sql for node "test.atmosync_dbt.not_null_fct_spoilage_arbitrage_thermal_status.508e635479"
[0m21:49:45.924567 [debug] [Thread-5 (]: Began executing node test.atmosync_dbt.unique_fct_spoilage_arbitrage_container_id.05e7c429a5
[0m21:49:45.926705 [debug] [Thread-5 (]: Writing runtime sql for node "test.atmosync_dbt.unique_fct_spoilage_arbitrage_container_id.05e7c429a5"
[0m21:49:45.927140 [debug] [Thread-2 (]: Began executing node test.atmosync_dbt.not_null_fct_spoilage_arbitrage_container_id.5336b1f0e8
[0m21:49:45.929040 [debug] [Thread-2 (]: Writing runtime sql for node "test.atmosync_dbt.not_null_fct_spoilage_arbitrage_container_id.5336b1f0e8"
[0m21:49:45.934618 [debug] [Thread-3 (]: Using snowflake connection "test.atmosync_dbt.not_null_fct_spoilage_arbitrage_recommended_reroute_market.cdf7e79de9"
[0m21:49:45.935220 [debug] [Thread-3 (]: On test.atmosync_dbt.not_null_fct_spoilage_arbitrage_recommended_reroute_market.cdf7e79de9: select
      count(*) as failures,
      count(*) != 0 as should_warn,
      count(*) != 0 as should_error
    from (
      
    
  
    
    



select recommended_reroute_market
from ATMOSYNC_DB.ANALYTICS.fct_spoilage_arbitrage
where recommended_reroute_market is null



  
  
      
    ) dbt_internal_test
/* {"app": "dbt", "dbt_version": "1.12.0", "profile_name": "atmosync_dbt", "target_name": "dev", "node_id": "test.atmosync_dbt.not_null_fct_spoilage_arbitrage_recommended_reroute_market.cdf7e79de9"} */
[0m21:49:45.935633 [debug] [Thread-3 (]: Opening a new connection, currently in state init
[0m21:49:45.936619 [debug] [Thread-5 (]: Using snowflake connection "test.atmosync_dbt.unique_fct_spoilage_arbitrage_container_id.05e7c429a5"
[0m21:49:45.936995 [debug] [Thread-5 (]: On test.atmosync_dbt.unique_fct_spoilage_arbitrage_container_id.05e7c429a5: select
      count(*) as failures,
      count(*) != 0 as should_warn,
      count(*) != 0 as should_error
    from (
      
    
  
    
    

select
    container_id as unique_field,
    count(*) as n_records

from ATMOSYNC_DB.ANALYTICS.fct_spoilage_arbitrage
where container_id is not null
group by container_id
having count(*) > 1



  
  
      
    ) dbt_internal_test
/* {"app": "dbt", "dbt_version": "1.12.0", "profile_name": "atmosync_dbt", "target_name": "dev", "node_id": "test.atmosync_dbt.unique_fct_spoilage_arbitrage_container_id.05e7c429a5"} */
[0m21:49:45.937301 [debug] [Thread-5 (]: Opening a new connection, currently in state init
[0m21:49:45.938229 [debug] [Thread-4 (]: Using snowflake connection "test.atmosync_dbt.not_null_fct_spoilage_arbitrage_thermal_status.508e635479"
[0m21:49:45.938669 [debug] [Thread-4 (]: On test.atmosync_dbt.not_null_fct_spoilage_arbitrage_thermal_status.508e635479: select
      count(*) as failures,
      count(*) != 0 as should_warn,
      count(*) != 0 as should_error
    from (
      
    
  
    
    



select thermal_status
from ATMOSYNC_DB.ANALYTICS.fct_spoilage_arbitrage
where thermal_status is null



  
  
      
    ) dbt_internal_test
/* {"app": "dbt", "dbt_version": "1.12.0", "profile_name": "atmosync_dbt", "target_name": "dev", "node_id": "test.atmosync_dbt.not_null_fct_spoilage_arbitrage_thermal_status.508e635479"} */
[0m21:49:45.939012 [debug] [Thread-4 (]: Opening a new connection, currently in state init
[0m21:49:45.939793 [debug] [Thread-2 (]: Using snowflake connection "test.atmosync_dbt.not_null_fct_spoilage_arbitrage_container_id.5336b1f0e8"
[0m21:49:45.940186 [debug] [Thread-2 (]: On test.atmosync_dbt.not_null_fct_spoilage_arbitrage_container_id.5336b1f0e8: select
      count(*) as failures,
      count(*) != 0 as should_warn,
      count(*) != 0 as should_error
    from (
      
    
  
    
    



select container_id
from ATMOSYNC_DB.ANALYTICS.fct_spoilage_arbitrage
where container_id is null



  
  
      
    ) dbt_internal_test
/* {"app": "dbt", "dbt_version": "1.12.0", "profile_name": "atmosync_dbt", "target_name": "dev", "node_id": "test.atmosync_dbt.not_null_fct_spoilage_arbitrage_container_id.5336b1f0e8"} */
[0m21:49:45.940491 [debug] [Thread-2 (]: Opening a new connection, currently in state init
[0m21:49:49.680228 [debug] [Thread-3 (]: SQL status: SUCCESS 1 in 3.744 seconds
[0m21:49:49.701579 [info ] [Thread-3 (]: 2 of 4 PASS not_null_fct_spoilage_arbitrage_recommended_reroute_market ......... [[32mPASS[0m in 3.84s]
[0m21:49:49.703473 [debug] [Thread-3 (]: Finished running node test.atmosync_dbt.not_null_fct_spoilage_arbitrage_recommended_reroute_market.cdf7e79de9
[0m21:49:49.702978 [debug] [Thread-4 (]: SQL status: SUCCESS 1 in 3.764 seconds
[0m21:49:49.705265 [info ] [Thread-4 (]: 3 of 4 PASS not_null_fct_spoilage_arbitrage_thermal_status ..................... [[32mPASS[0m in 3.88s]
[0m21:49:49.705894 [debug] [Thread-4 (]: Finished running node test.atmosync_dbt.not_null_fct_spoilage_arbitrage_thermal_status.508e635479
[0m21:49:50.106786 [debug] [Thread-2 (]: SQL status: SUCCESS 1 in 4.166 seconds
[0m21:49:50.109688 [info ] [Thread-2 (]: 1 of 4 PASS not_null_fct_spoilage_arbitrage_container_id ....................... [[32mPASS[0m in 4.25s]
[0m21:49:50.110643 [debug] [Thread-2 (]: Finished running node test.atmosync_dbt.not_null_fct_spoilage_arbitrage_container_id.5336b1f0e8
[0m21:49:50.388872 [debug] [Thread-5 (]: SQL status: SUCCESS 1 in 4.451 seconds
[0m21:49:50.516989 [info ] [Thread-5 (]: 4 of 4 PASS unique_fct_spoilage_arbitrage_container_id ......................... [[32mPASS[0m in 4.65s]
[0m21:49:50.517951 [debug] [Thread-5 (]: Finished running node test.atmosync_dbt.unique_fct_spoilage_arbitrage_container_id.05e7c429a5
[0m21:49:50.519527 [debug] [MainThread]: Connection 'master' was properly closed.
[0m21:49:50.519868 [debug] [MainThread]: Connection 'list_ATMOSYNC_DB_ANALYTICS' was left open.
[0m21:49:50.520162 [debug] [MainThread]: On list_ATMOSYNC_DB_ANALYTICS: Close
[0m21:49:51.647492 [debug] [MainThread]: Connection 'test.atmosync_dbt.not_null_fct_spoilage_arbitrage_thermal_status.508e635479' was left open.
[0m21:49:51.648207 [debug] [MainThread]: On test.atmosync_dbt.not_null_fct_spoilage_arbitrage_thermal_status.508e635479: Close
[0m21:49:52.825731 [debug] [MainThread]: Connection 'test.atmosync_dbt.not_null_fct_spoilage_arbitrage_container_id.5336b1f0e8' was left open.
[0m21:49:52.826147 [debug] [MainThread]: On test.atmosync_dbt.not_null_fct_spoilage_arbitrage_container_id.5336b1f0e8: Close
[0m21:49:54.540637 [debug] [MainThread]: Connection 'test.atmosync_dbt.not_null_fct_spoilage_arbitrage_recommended_reroute_market.cdf7e79de9' was left open.
[0m21:49:54.541609 [debug] [MainThread]: On test.atmosync_dbt.not_null_fct_spoilage_arbitrage_recommended_reroute_market.cdf7e79de9: Close
[0m21:49:56.202064 [debug] [MainThread]: Connection 'test.atmosync_dbt.unique_fct_spoilage_arbitrage_container_id.05e7c429a5' was left open.
[0m21:49:56.202816 [debug] [MainThread]: On test.atmosync_dbt.unique_fct_spoilage_arbitrage_container_id.05e7c429a5: Close
[0m21:49:58.830184 [info ] [MainThread]: 
[0m21:49:58.830888 [info ] [MainThread]: Finished running 4 data tests in 0 hours 0 minutes and 16.68 seconds (16.68s).
[0m21:49:58.832021 [debug] [MainThread]: Command end result
[0m21:49:58.891398 [debug] [MainThread]: Wrote artifact WritableManifest to D:\Infotact solutions\Project\AtmoSync - analytics\atmosync_dbt\target\manifest.json
[0m21:49:58.899116 [debug] [MainThread]: Wrote artifact SemanticManifest to D:\Infotact solutions\Project\AtmoSync - analytics\atmosync_dbt\target\semantic_manifest.json
[0m21:49:58.906278 [debug] [MainThread]: Wrote artifact OsiDocument to D:\Infotact solutions\Project\AtmoSync - analytics\atmosync_dbt\target\osi_document.json
[0m21:49:58.930169 [debug] [MainThread]: Wrote artifact RunExecutionResult to D:\Infotact solutions\Project\AtmoSync - analytics\atmosync_dbt\target\run_results.json
[0m21:49:58.930584 [info ] [MainThread]: 
[0m21:49:58.931211 [info ] [MainThread]: [32mCompleted successfully[0m
[0m21:49:58.931650 [info ] [MainThread]: 
[0m21:49:58.932496 [info ] [MainThread]: Done. PASS=4 WARN=0 ERROR=0 SKIP=0 NO-OP=0 REUSED=0 TOTAL=4
[0m21:49:58.933927 [debug] [MainThread]: Command `dbt test` succeeded at 21:49:58.933687 after 18.85 seconds
[0m21:49:58.934784 [debug] [MainThread]: Sending event: {'category': 'dbt', 'action': 'invocation', 'label': 'end', 'context': [<snowplow_tracker.self_describing_json.SelfDescribingJson object at 0x000001EE707F3DD0>, <snowplow_tracker.self_describing_json.SelfDescribingJson object at 0x000001EE5BDD0C00>, <snowplow_tracker.self_describing_json.SelfDescribingJson object at 0x000001EE71B859C0>]}
[0m21:49:58.935405 [debug] [MainThread]: Flushing usage events
[0m21:50:06.488249 [debug] [MainThread]: An error was encountered while trying to flush usage events
[0m22:01:21.543795 [debug] [MainThread]: Sending event: {'category': 'dbt', 'action': 'invocation', 'label': 'start', 'context': [<snowplow_tracker.self_describing_json.SelfDescribingJson object at 0x0000028D9C80C830>, <snowplow_tracker.self_describing_json.SelfDescribingJson object at 0x0000028D9A100B90>, <snowplow_tracker.self_describing_json.SelfDescribingJson object at 0x0000028D9EFD3B10>]}


============================== 22:01:21.597539 | af136d6b-abbd-4ad2-8342-944452268193 ==============================
[0m22:01:21.597539 [info ] [MainThread]: Running with dbt=1.12.0
[0m22:01:21.599321 [debug] [MainThread]: running dbt with arguments {'maximum_seed_size_mib': '1', 'no_print': 'None', 'static_parser': 'True', 'warn_error_options': 'WarnErrorOptionsV2(error=[], warn=[], silence=[])', 'target_path': 'None', 'version_check': 'True', 'printer_width': '80', 'write_json': 'True', 'empty': 'None', 'log_cache_events': 'False', 'introspect': 'True', 'cache_selected_only': 'False', 'fail_fast': 'False', 'debug': 'False', 'log_format': 'default', 'partial_parse': 'True', 'send_anonymous_usage_stats': 'True', 'quiet': 'False', 'warn_error': 'None', 'profiles_dir': 'C:\\Users\\HP\\.dbt', 'use_colors': 'True', 'hints_enabled': 'True', 'invocation_command': 'dbt debug', 'use_experimental_parser': 'False', 'indirect_selection': 'eager', 'log_path': 'D:\\Infotact solutions\\Project\\AtmoSync - analytics\\atmosync_dbt\\logs'}
[0m22:01:21.656905 [info ] [MainThread]: dbt version: 1.12.0
[0m22:01:21.657595 [info ] [MainThread]: python version: 3.14.4
[0m22:01:21.658081 [info ] [MainThread]: python path: C:\Python314\python.exe
[0m22:01:21.658483 [info ] [MainThread]: os info: Windows-11-10.0.26200-SP0
[0m22:01:24.616942 [debug] [MainThread]: Snowflake adapter: Setting snowflake.connector to ERROR (file logging only)
[0m22:01:24.618522 [debug] [MainThread]: Snowflake adapter: Setting botocore to ERROR (file logging only)
[0m22:01:24.619436 [debug] [MainThread]: Snowflake adapter: Setting boto3 to ERROR (file logging only)
[0m22:01:25.068338 [info ] [MainThread]: Using profiles dir at C:\Users\HP\.dbt
[0m22:01:25.070395 [info ] [MainThread]: Using profiles.yml file at C:\Users\HP\.dbt\profiles.yml
[0m22:01:25.071548 [info ] [MainThread]: Using dbt_project.yml file at D:\Infotact solutions\Project\AtmoSync - analytics\atmosync_dbt\dbt_project.yml
[0m22:01:25.075074 [info ] [MainThread]: adapter type: snowflake
[0m22:01:25.076473 [info ] [MainThread]: adapter version: 1.12.0
[0m22:01:25.376937 [info ] [MainThread]: Configuration:
[0m22:01:25.377930 [info ] [MainThread]:   profiles.yml file [[32mOK found and valid[0m]
[0m22:01:25.379460 [info ] [MainThread]:   dbt_project.yml file [[32mOK found and valid[0m]
[0m22:01:25.380782 [info ] [MainThread]: Required dependencies:
[0m22:01:25.381825 [debug] [MainThread]: Executing "git --help"
[0m22:01:25.402626 [info ] [MainThread]:  - git [[31mERROR[0m]

[0m22:01:25.403602 [info ] [MainThread]: Connection:
[0m22:01:25.404549 [info ] [MainThread]:   account: ibaayxn-vj30510
[0m22:01:25.405499 [info ] [MainThread]:   user: NOMESH16
[0m22:01:25.406456 [info ] [MainThread]:   database: ATMOSYNC_DB
[0m22:01:25.407326 [info ] [MainThread]:   warehouse: COMPUTE_WH
[0m22:01:25.475179 [info ] [MainThread]:   role: ACCOUNTADMIN
[0m22:01:25.476528 [info ] [MainThread]:   schema: ANALYTICS
[0m22:01:25.477345 [info ] [MainThread]:   authenticator: None
[0m22:01:25.477995 [info ] [MainThread]:   oauth_client_id: None
[0m22:01:25.479091 [info ] [MainThread]:   query_tag: None
[0m22:01:25.480231 [info ] [MainThread]:   client_session_keep_alive: False
[0m22:01:25.481249 [info ] [MainThread]:   host: None
[0m22:01:25.482615 [info ] [MainThread]:   port: None
[0m22:01:25.483791 [info ] [MainThread]:   proxy_host: None
[0m22:01:25.484626 [info ] [MainThread]:   proxy_port: None
[0m22:01:25.485234 [info ] [MainThread]:   protocol: None
[0m22:01:25.486098 [info ] [MainThread]:   connect_retries: 1
[0m22:01:25.486965 [info ] [MainThread]:   connect_timeout: None
[0m22:01:25.487837 [info ] [MainThread]:   retry_on_database_errors: False
[0m22:01:25.488913 [info ] [MainThread]:   retry_all: False
[0m22:01:25.490061 [info ] [MainThread]:   insecure_mode: False
[0m22:01:25.490887 [info ] [MainThread]:   reuse_connections: True
[0m22:01:25.491499 [info ] [MainThread]:   s3_stage_vpce_dns_name: None
[0m22:01:25.492091 [info ] [MainThread]:   workload_identity_provider: None
[0m22:01:25.493042 [info ] [MainThread]:   workload_identity_entra_resource: None
[0m22:01:25.494077 [info ] [MainThread]:   platform_detection_timeout_seconds: 0.0
[0m22:01:25.496079 [info ] [MainThread]: Registered adapter: snowflake=1.12.0
[0m22:01:26.531014 [debug] [MainThread]: Acquiring new snowflake connection 'debug'
[0m22:01:26.535194 [debug] [MainThread]: Using snowflake connection "debug"
[0m22:01:26.535754 [debug] [MainThread]: On debug: select 1 as id
[0m22:01:26.536180 [debug] [MainThread]: Opening a new connection, currently in state init
[0m22:01:32.422114 [debug] [MainThread]: SQL status: SUCCESS 1 in 5.886 seconds
[0m22:01:32.423161 [info ] [MainThread]:   Connection test: [[32mOK connection ok[0m]

[0m22:01:32.423839 [info ] [MainThread]: [31m1 check failed:[0m
[0m22:01:32.424526 [info ] [MainThread]: Error from git --help: Could not find command, ensure it is in the user's PATH and that the user has permissions to run it: "git"

[0m22:01:32.425715 [debug] [MainThread]: Command `dbt debug` failed at 22:01:32.425552 after 11.24 seconds
[0m22:01:32.426224 [debug] [MainThread]: Connection 'debug' was left open.
[0m22:01:32.426678 [debug] [MainThread]: On debug: Close
[0m22:01:32.706002 [debug] [MainThread]: Sending event: {'category': 'dbt', 'action': 'invocation', 'label': 'end', 'context': [<snowplow_tracker.self_describing_json.SelfDescribingJson object at 0x0000028DB12009D0>, <snowplow_tracker.self_describing_json.SelfDescribingJson object at 0x0000028D99E58A70>, <snowplow_tracker.self_describing_json.SelfDescribingJson object at 0x0000028DB102ABE0>]}
[0m22:01:32.706976 [debug] [MainThread]: Flushing usage events
[0m22:01:34.536737 [debug] [MainThread]: An error was encountered while trying to flush usage events
[0m18:22:02.792279 [debug] [MainThread]: Sending event: {'category': 'dbt', 'action': 'invocation', 'label': 'start', 'context': [<snowplow_tracker.self_describing_json.SelfDescribingJson object at 0x000001B81165C830>, <snowplow_tracker.self_describing_json.SelfDescribingJson object at 0x000001B80EF60CD0>, <snowplow_tracker.self_describing_json.SelfDescribingJson object at 0x000001B813EAF890>]}


============================== 18:22:02.826455 | 4868affb-fd4e-4041-b398-870c2fac9439 ==============================
[0m18:22:02.826455 [info ] [MainThread]: Running with dbt=1.12.0
[0m18:22:02.828277 [debug] [MainThread]: running dbt with arguments {'static_parser': 'True', 'no_print': 'None', 'maximum_seed_size_mib': '1', 'warn_error_options': 'WarnErrorOptionsV2(error=[], warn=[], silence=[])', 'version_check': 'True', 'target_path': 'None', 'printer_width': '80', 'write_json': 'True', 'introspect': 'True', 'log_cache_events': 'False', 'empty': 'False', 'cache_selected_only': 'False', 'log_format': 'default', 'debug': 'False', 'fail_fast': 'False', 'partial_parse': 'True', 'send_anonymous_usage_stats': 'True', 'quiet': 'False', 'warn_error': 'None', 'profiles_dir': 'C:\\Users\\HP\\.dbt', 'invocation_command': 'dbt run', 'hints_enabled': 'True', 'indirect_selection': 'eager', 'use_experimental_parser': 'False', 'use_colors': 'True', 'log_path': 'D:\\Infotact solutions\\Project\\AtmoSync - analytics\\atmosync_dbt\\logs'}
[0m18:22:10.139317 [debug] [MainThread]: Snowflake adapter: Setting snowflake.connector to ERROR (file logging only)
[0m18:22:10.140088 [debug] [MainThread]: Snowflake adapter: Setting botocore to ERROR (file logging only)
[0m18:22:10.140561 [debug] [MainThread]: Snowflake adapter: Setting boto3 to ERROR (file logging only)
[0m18:22:18.068078 [debug] [MainThread]: Sending event: {'category': 'dbt', 'action': 'project_id', 'label': '4868affb-fd4e-4041-b398-870c2fac9439', 'context': [<snowplow_tracker.self_describing_json.SelfDescribingJson object at 0x000001B82271CB00>]}
[0m18:22:18.213863 [debug] [MainThread]: Sending event: {'category': 'dbt', 'action': 'adapter_info', 'label': '4868affb-fd4e-4041-b398-870c2fac9439', 'context': [<snowplow_tracker.self_describing_json.SelfDescribingJson object at 0x000001B825D8FF00>]}
[0m18:22:18.216872 [info ] [MainThread]: Registered adapter: snowflake=1.12.0
[0m18:22:20.704902 [debug] [MainThread]: checksum: 44cfe2fe4a21c7df33efd3500815905e782cd1dfc95fd168940d6cd5a95f23b5, vars: {}, profile: atmosync_dbt, target: dev, version: 1.12.0
[0m18:22:25.772838 [debug] [MainThread]: Partial parsing enabled: 0 files deleted, 0 files added, 0 files changed.
[0m18:22:25.774043 [debug] [MainThread]: Nothing changed, skipping partial parsing.
[0m18:22:25.774963 [debug] [MainThread]: Partial parsing enabled, no changes found, skipping parsing
[0m18:22:25.807296 [warn ] [MainThread]: [[33mWARNING[0m]: Configuration paths exist in your dbt_project.yml file which do not apply to any resources.
There are 1 unused configuration paths:
- models.atmosync_dbt.example
[0m18:22:25.834570 [debug] [MainThread]: Sending event: {'category': 'dbt', 'action': 'load_project', 'label': '4868affb-fd4e-4041-b398-870c2fac9439', 'context': [<snowplow_tracker.self_describing_json.SelfDescribingJson object at 0x000001B8261F3650>]}
[0m18:22:26.488848 [debug] [MainThread]: Wrote artifact WritableManifest to D:\Infotact solutions\Project\AtmoSync - analytics\atmosync_dbt\target\manifest.json
[0m18:22:26.502959 [debug] [MainThread]: Wrote artifact SemanticManifest to D:\Infotact solutions\Project\AtmoSync - analytics\atmosync_dbt\target\semantic_manifest.json
[0m18:22:26.618909 [debug] [MainThread]: Wrote artifact OsiDocument to D:\Infotact solutions\Project\AtmoSync - analytics\atmosync_dbt\target\osi_document.json
[0m18:22:26.682459 [debug] [MainThread]: Sending event: {'category': 'dbt', 'action': 'resource_counts', 'label': '4868affb-fd4e-4041-b398-870c2fac9439', 'context': [<snowplow_tracker.self_describing_json.SelfDescribingJson object at 0x000001B8264836B0>]}
[0m18:22:26.683813 [info ] [MainThread]: Found 2 models, 4 data tests, 2 sources, 545 macros
[0m18:22:26.685685 [debug] [MainThread]: Sending event: {'category': 'dbt', 'action': 'runnable_timing', 'label': '4868affb-fd4e-4041-b398-870c2fac9439', 'context': [<snowplow_tracker.self_describing_json.SelfDescribingJson object at 0x000001B82649B850>]}
[0m18:22:26.694405 [info ] [MainThread]: 
[0m18:22:26.696694 [info ] [MainThread]: Concurrency: 4 threads (target='dev')
[0m18:22:26.698764 [info ] [MainThread]: 
[0m18:22:26.703160 [debug] [MainThread]: Acquiring new snowflake connection 'master'
[0m18:22:26.732759 [debug] [ThreadPool]: Acquiring new snowflake connection 'list_ATMOSYNC_DB'
[0m18:22:26.804576 [debug] [ThreadPool]: Using snowflake connection "list_ATMOSYNC_DB"
[0m18:22:26.805339 [debug] [ThreadPool]: On list_ATMOSYNC_DB: show terse schemas in database ATMOSYNC_DB
    limit 10000
/* {"app": "dbt", "dbt_version": "1.12.0", "profile_name": "atmosync_dbt", "target_name": "dev", "connection_name": "list_ATMOSYNC_DB"} */
[0m18:22:26.807380 [debug] [ThreadPool]: Opening a new connection, currently in state init
[0m18:24:03.441059 [debug] [ThreadPool]: SQL status: SUCCESS 4 in 96.633 seconds
[0m18:24:03.450754 [debug] [ThreadPool]: Acquiring new snowflake connection 'list_ATMOSYNC_DB_ANALYTICS'
[0m18:24:03.474576 [debug] [ThreadPool]: Using snowflake connection "list_ATMOSYNC_DB_ANALYTICS"
[0m18:24:03.476592 [debug] [ThreadPool]: On list_ATMOSYNC_DB_ANALYTICS: show objects in ATMOSYNC_DB.ANALYTICS
    limit 10000
    

/* {"app": "dbt", "dbt_version": "1.12.0", "profile_name": "atmosync_dbt", "target_name": "dev", "connection_name": "list_ATMOSYNC_DB_ANALYTICS"} */;
[0m18:24:03.478617 [debug] [ThreadPool]: Opening a new connection, currently in state init
[0m18:24:15.521654 [debug] [ThreadPool]: SQL status: SUCCESS 4 in 12.043 seconds
[0m18:24:15.545137 [debug] [ThreadPool]: Using snowflake connection "list_ATMOSYNC_DB_ANALYTICS"
[0m18:24:15.547052 [debug] [ThreadPool]: On list_ATMOSYNC_DB_ANALYTICS: show user functions in ATMOSYNC_DB.ANALYTICS
/* {"app": "dbt", "dbt_version": "1.12.0", "profile_name": "atmosync_dbt", "target_name": "dev", "connection_name": "list_ATMOSYNC_DB_ANALYTICS"} */
[0m18:24:16.535280 [debug] [ThreadPool]: SQL status: SUCCESS 0 in 0.987 seconds
[0m18:24:16.550098 [debug] [MainThread]: Sending event: {'category': 'dbt', 'action': 'runnable_timing', 'label': '4868affb-fd4e-4041-b398-870c2fac9439', 'context': [<snowplow_tracker.self_describing_json.SelfDescribingJson object at 0x000001B8265F7380>]}
[0m18:24:16.587658 [debug] [Thread-2 (]: Began running node model.atmosync_dbt.stg_container_telemetry
[0m18:24:16.590433 [info ] [Thread-2 (]: 1 of 2 START sql view model ANALYTICS.stg_container_telemetry .................. [RUN]
[0m18:24:16.592711 [debug] [Thread-2 (]: Acquiring new snowflake connection 'model.atmosync_dbt.stg_container_telemetry'
[0m18:24:16.594104 [debug] [Thread-2 (]: Began compiling node model.atmosync_dbt.stg_container_telemetry
[0m18:24:16.623705 [debug] [Thread-2 (]: Writing injected SQL for node "model.atmosync_dbt.stg_container_telemetry"
[0m18:24:16.724823 [debug] [Thread-2 (]: Began executing node model.atmosync_dbt.stg_container_telemetry
[0m18:24:16.816198 [debug] [Thread-2 (]: Writing runtime sql for node "model.atmosync_dbt.stg_container_telemetry"
[0m18:24:16.820198 [debug] [Thread-2 (]: Using snowflake connection "model.atmosync_dbt.stg_container_telemetry"
[0m18:24:16.821003 [debug] [Thread-2 (]: On model.atmosync_dbt.stg_container_telemetry: create or replace   view ATMOSYNC_DB.ANALYTICS.stg_container_telemetry
  
  
  
  
  as (
    WITH raw_source AS (
    SELECT * FROM ATMOSYNC_DB.RAW.RAW_CONTAINER_TELEMETRY
)

SELECT
    raw_payload:event_id::STRING AS event_id,
    raw_payload:container_id::STRING AS container_id,
    raw_payload:commodity::STRING AS commodity,
    raw_payload:timestamp::TIMESTAMP AS event_timestamp,
    raw_payload:telemetry.temperature_c::FLOAT AS temperature_c,
    raw_payload:telemetry.humidity_pct::FLOAT AS humidity_pct,
    raw_payload:telemetry.vibration_g::FLOAT AS vibration_g,
    raw_payload:location.latitude::FLOAT AS latitude,
    raw_payload:location.longitude::FLOAT AS longitude,
    ingested_at
FROM raw_source
  )
/* {"app": "dbt", "dbt_version": "1.12.0", "profile_name": "atmosync_dbt", "target_name": "dev", "node_id": "model.atmosync_dbt.stg_container_telemetry"} */;
[0m18:24:16.821673 [debug] [Thread-2 (]: Opening a new connection, currently in state init
[0m18:24:20.062843 [debug] [Thread-2 (]: SQL status: SUCCESS 1 in 3.241 seconds
[0m18:24:20.127445 [debug] [Thread-2 (]: Sending event: {'category': 'dbt', 'action': 'run_model', 'label': '4868affb-fd4e-4041-b398-870c2fac9439', 'context': [<snowplow_tracker.self_describing_json.SelfDescribingJson object at 0x000001B826537F50>]}
[0m18:24:20.129379 [info ] [Thread-2 (]: 1 of 2 OK created sql view model ANALYTICS.stg_container_telemetry ............. [[32mSUCCESS 1[0m in 3.53s]
[0m18:24:20.131796 [debug] [Thread-2 (]: Finished running node model.atmosync_dbt.stg_container_telemetry
[0m18:24:20.134792 [debug] [Thread-3 (]: Began running node model.atmosync_dbt.fct_spoilage_arbitrage
[0m18:24:20.135608 [info ] [Thread-3 (]: 2 of 2 START sql view model ANALYTICS.fct_spoilage_arbitrage ................... [RUN]
[0m18:24:20.138900 [debug] [Thread-3 (]: Acquiring new snowflake connection 'model.atmosync_dbt.fct_spoilage_arbitrage'
[0m18:24:20.139977 [debug] [Thread-3 (]: Began compiling node model.atmosync_dbt.fct_spoilage_arbitrage
[0m18:24:20.146974 [debug] [Thread-3 (]: Writing injected SQL for node "model.atmosync_dbt.fct_spoilage_arbitrage"
[0m18:24:20.152443 [debug] [Thread-3 (]: Began executing node model.atmosync_dbt.fct_spoilage_arbitrage
[0m18:24:20.155975 [debug] [Thread-3 (]: Writing runtime sql for node "model.atmosync_dbt.fct_spoilage_arbitrage"
[0m18:24:20.162528 [debug] [Thread-3 (]: Using snowflake connection "model.atmosync_dbt.fct_spoilage_arbitrage"
[0m18:24:20.163370 [debug] [Thread-3 (]: On model.atmosync_dbt.fct_spoilage_arbitrage: create or replace   view ATMOSYNC_DB.ANALYTICS.fct_spoilage_arbitrage
  
  
  
  
  as (
    WITH latest_telemetry AS (
    SELECT 
        container_id,
        commodity,
        temperature_c,
        humidity_pct,
        latitude,
        longitude,
        event_timestamp,
        ROW_NUMBER() OVER (PARTITION BY container_id ORDER BY event_timestamp DESC) as rn
    FROM ATMOSYNC_DB.ANALYTICS.stg_container_telemetry
),

current_status AS (
    SELECT * 
    FROM latest_telemetry 
    WHERE rn = 1
),

calculated_risk AS (
    SELECT 
        t.container_id,
        t.commodity,
        t.temperature_c,
        t.latitude AS current_lat,
        t.longitude AS current_lon,
        t.event_timestamp,
        
        -- Quality degradation: 12.5% loss per degree above 6.0°C threshold
        CASE 
            WHEN t.temperature_c > 6.0 THEN GREATEST(0, (t.temperature_c - 6.0) * 12.5)
            ELSE 0 
        END AS quality_degradation_pct,
        
        -- Thermal risk classification
        CASE 
            WHEN t.temperature_c > 6.0 THEN 'CRITICAL - HIGH SPOILAGE'
            WHEN t.temperature_c > 4.5 THEN 'WARNING - TEMP DRIFT'
            ELSE 'OPTIMAL'
        END AS thermal_status
    FROM current_status t
)

SELECT 
    cr.container_id,
    cr.commodity,
    cr.temperature_c,
    cr.current_lat,
    cr.current_lon,
    cr.event_timestamp,
    cr.quality_degradation_pct,
    cr.thermal_status,
    mp.market_id AS recommended_reroute_market,
    mp.market_name,
    mp.base_price_per_ton,
    
    -- Calculated Salvage Value (Remaining market value per ton)
    ROUND(mp.base_price_per_ton * (1 - (cr.quality_degradation_pct / 100.0)), 2) AS salvage_value_per_ton,
    
    -- Estimated Financial Loss Prevented per ton by rerouting
    ROUND(mp.base_price_per_ton * (cr.quality_degradation_pct / 100.0), 2) AS arbitrage_loss_prevented
FROM calculated_risk cr
CROSS JOIN ATMOSYNC_DB.RAW.MARKET_PRICING mp
WHERE mp.commodity = cr.commodity
  AND mp.market_id = CASE 
                        WHEN cr.thermal_status = 'CRITICAL - HIGH SPOILAGE' THEN 'MKT-LIS' 
                        ELSE 'MKT-ROT' 
                     END
  )
/* {"app": "dbt", "dbt_version": "1.12.0", "profile_name": "atmosync_dbt", "target_name": "dev", "node_id": "model.atmosync_dbt.fct_spoilage_arbitrage"} */;
[0m18:24:20.164360 [debug] [Thread-3 (]: Opening a new connection, currently in state init
[0m18:24:21.630933 [debug] [Thread-3 (]: SQL status: SUCCESS 1 in 1.466 seconds
[0m18:24:21.641557 [debug] [Thread-3 (]: Sending event: {'category': 'dbt', 'action': 'run_model', 'label': '4868affb-fd4e-4041-b398-870c2fac9439', 'context': [<snowplow_tracker.self_describing_json.SelfDescribingJson object at 0x000001B82774B6A0>]}
[0m18:24:21.644095 [info ] [Thread-3 (]: 2 of 2 OK created sql view model ANALYTICS.fct_spoilage_arbitrage .............. [[32mSUCCESS 1[0m in 1.50s]
[0m18:24:21.645397 [debug] [Thread-3 (]: Finished running node model.atmosync_dbt.fct_spoilage_arbitrage
[0m18:24:21.649074 [debug] [MainThread]: Connection 'master' was properly closed.
[0m18:24:21.649980 [debug] [MainThread]: Connection 'list_ATMOSYNC_DB' was left open.
[0m18:24:21.651249 [debug] [MainThread]: On list_ATMOSYNC_DB: Close
[0m18:24:21.855607 [debug] [MainThread]: Connection 'list_ATMOSYNC_DB_ANALYTICS' was left open.
[0m18:24:21.856671 [debug] [MainThread]: On list_ATMOSYNC_DB_ANALYTICS: Close
[0m18:24:22.093133 [debug] [MainThread]: Connection 'model.atmosync_dbt.stg_container_telemetry' was left open.
[0m18:24:22.094538 [debug] [MainThread]: On model.atmosync_dbt.stg_container_telemetry: Close
[0m18:24:22.354124 [debug] [MainThread]: Connection 'model.atmosync_dbt.fct_spoilage_arbitrage' was left open.
[0m18:24:22.354867 [debug] [MainThread]: On model.atmosync_dbt.fct_spoilage_arbitrage: Close
[0m18:24:22.607291 [info ] [MainThread]: 
[0m18:24:22.609898 [info ] [MainThread]: Finished running 2 view models in 0 hours 1 minutes and 55.91 seconds (115.91s).
[0m18:24:22.614220 [debug] [MainThread]: Command end result
[0m18:24:22.679621 [debug] [MainThread]: Wrote artifact WritableManifest to D:\Infotact solutions\Project\AtmoSync - analytics\atmosync_dbt\target\manifest.json
[0m18:24:22.691031 [debug] [MainThread]: Wrote artifact SemanticManifest to D:\Infotact solutions\Project\AtmoSync - analytics\atmosync_dbt\target\semantic_manifest.json
[0m18:24:22.696678 [debug] [MainThread]: Wrote artifact OsiDocument to D:\Infotact solutions\Project\AtmoSync - analytics\atmosync_dbt\target\osi_document.json
[0m18:24:22.722256 [debug] [MainThread]: Wrote artifact RunExecutionResult to D:\Infotact solutions\Project\AtmoSync - analytics\atmosync_dbt\target\run_results.json
[0m18:24:22.722930 [info ] [MainThread]: 
[0m18:24:22.724770 [info ] [MainThread]: [32mCompleted successfully[0m
[0m18:24:22.726106 [info ] [MainThread]: 
[0m18:24:22.727409 [info ] [MainThread]: Done. PASS=2 WARN=0 ERROR=0 SKIP=0 NO-OP=0 REUSED=0 TOTAL=2
[0m18:24:22.747266 [debug] [MainThread]: Command `dbt run` succeeded at 18:24:22.746867 after 140.34 seconds
[0m18:24:22.758026 [debug] [MainThread]: Sending event: {'category': 'dbt', 'action': 'invocation', 'label': 'end', 'context': [<snowplow_tracker.self_describing_json.SelfDescribingJson object at 0x000001B826477610>, <snowplow_tracker.self_describing_json.SelfDescribingJson object at 0x000001B8261396D0>, <snowplow_tracker.self_describing_json.SelfDescribingJson object at 0x000001B8260A1150>]}
[0m18:24:22.758996 [debug] [MainThread]: Flushing usage events
[0m18:24:25.919157 [debug] [MainThread]: An error was encountered while trying to flush usage events
[0m18:59:43.999631 [debug] [MainThread]: Sending event: {'category': 'dbt', 'action': 'invocation', 'label': 'start', 'context': [<snowplow_tracker.self_describing_json.SelfDescribingJson object at 0x000001B8B8F6C830>, <snowplow_tracker.self_describing_json.SelfDescribingJson object at 0x000001B8B6874B90>, <snowplow_tracker.self_describing_json.SelfDescribingJson object at 0x000001B8BB7BF890>]}


============================== 18:59:44.058257 | 66bb795a-ac83-41e1-beee-343b960692f7 ==============================
[0m18:59:44.058257 [info ] [MainThread]: Running with dbt=1.12.0
[0m18:59:44.060071 [debug] [MainThread]: running dbt with arguments {'static_parser': 'True', 'no_print': 'None', 'version_check': 'True', 'warn_error_options': 'WarnErrorOptionsV2(error=[], warn=[], silence=[])', 'target_path': 'None', 'maximum_seed_size_mib': '1', 'printer_width': '80', 'write_json': 'True', 'empty': 'False', 'log_cache_events': 'False', 'introspect': 'True', 'cache_selected_only': 'False', 'log_format': 'default', 'debug': 'False', 'fail_fast': 'False', 'partial_parse': 'True', 'send_anonymous_usage_stats': 'True', 'quiet': 'False', 'warn_error': 'None', 'profiles_dir': 'C:\\Users\\HP\\.dbt', 'invocation_command': 'dbt run', 'hints_enabled': 'True', 'use_colors': 'True', 'use_experimental_parser': 'False', 'indirect_selection': 'eager', 'log_path': 'D:\\Infotact solutions\\Project\\AtmoSync - analytics\\atmosync_dbt\\logs'}
[0m18:59:50.544027 [debug] [MainThread]: Snowflake adapter: Setting snowflake.connector to ERROR (file logging only)
[0m18:59:50.679246 [debug] [MainThread]: Snowflake adapter: Setting botocore to ERROR (file logging only)
[0m18:59:50.681202 [debug] [MainThread]: Snowflake adapter: Setting boto3 to ERROR (file logging only)
[0m18:59:52.063003 [debug] [MainThread]: Sending event: {'category': 'dbt', 'action': 'project_id', 'label': '66bb795a-ac83-41e1-beee-343b960692f7', 'context': [<snowplow_tracker.self_describing_json.SelfDescribingJson object at 0x000001B8CA02CB00>]}
[0m18:59:52.216637 [debug] [MainThread]: Sending event: {'category': 'dbt', 'action': 'adapter_info', 'label': '66bb795a-ac83-41e1-beee-343b960692f7', 'context': [<snowplow_tracker.self_describing_json.SelfDescribingJson object at 0x000001B8CD69FF00>]}
[0m18:59:52.221352 [info ] [MainThread]: Registered adapter: snowflake=1.12.0
[0m18:59:53.429936 [debug] [MainThread]: checksum: 44cfe2fe4a21c7df33efd3500815905e782cd1dfc95fd168940d6cd5a95f23b5, vars: {}, profile: atmosync_dbt, target: dev, version: 1.12.0
[0m18:59:53.808019 [debug] [MainThread]: Partial parsing enabled: 0 files deleted, 0 files added, 0 files changed.
[0m18:59:53.808547 [debug] [MainThread]: Nothing changed, skipping partial parsing.
[0m18:59:53.808963 [debug] [MainThread]: Partial parsing enabled, no changes found, skipping parsing
[0m18:59:53.816604 [warn ] [MainThread]: [[33mWARNING[0m]: Configuration paths exist in your dbt_project.yml file which do not apply to any resources.
There are 1 unused configuration paths:
- models.atmosync_dbt.example
[0m18:59:53.822609 [debug] [MainThread]: Sending event: {'category': 'dbt', 'action': 'load_project', 'label': '66bb795a-ac83-41e1-beee-343b960692f7', 'context': [<snowplow_tracker.self_describing_json.SelfDescribingJson object at 0x000001B8CDB03650>]}
[0m18:59:54.012871 [debug] [MainThread]: Wrote artifact WritableManifest to D:\Infotact solutions\Project\AtmoSync - analytics\atmosync_dbt\target\manifest.json
[0m18:59:54.018980 [debug] [MainThread]: Wrote artifact SemanticManifest to D:\Infotact solutions\Project\AtmoSync - analytics\atmosync_dbt\target\semantic_manifest.json
[0m18:59:54.093547 [debug] [MainThread]: Wrote artifact OsiDocument to D:\Infotact solutions\Project\AtmoSync - analytics\atmosync_dbt\target\osi_document.json
[0m18:59:54.118145 [debug] [MainThread]: Sending event: {'category': 'dbt', 'action': 'resource_counts', 'label': '66bb795a-ac83-41e1-beee-343b960692f7', 'context': [<snowplow_tracker.self_describing_json.SelfDescribingJson object at 0x000001B8CDD936B0>]}
[0m18:59:54.118958 [info ] [MainThread]: Found 2 models, 4 data tests, 2 sources, 545 macros
[0m18:59:54.119961 [debug] [MainThread]: Sending event: {'category': 'dbt', 'action': 'runnable_timing', 'label': '66bb795a-ac83-41e1-beee-343b960692f7', 'context': [<snowplow_tracker.self_describing_json.SelfDescribingJson object at 0x000001B8CDDAB850>]}
[0m18:59:54.124181 [info ] [MainThread]: 
[0m18:59:54.125155 [info ] [MainThread]: Concurrency: 4 threads (target='dev')
[0m18:59:54.126285 [info ] [MainThread]: 
[0m18:59:54.127162 [debug] [MainThread]: Acquiring new snowflake connection 'master'
[0m18:59:54.133908 [debug] [ThreadPool]: Acquiring new snowflake connection 'list_ATMOSYNC_DB'
[0m18:59:54.157611 [debug] [ThreadPool]: Using snowflake connection "list_ATMOSYNC_DB"
[0m18:59:54.158536 [debug] [ThreadPool]: On list_ATMOSYNC_DB: show terse schemas in database ATMOSYNC_DB
    limit 10000
/* {"app": "dbt", "dbt_version": "1.12.0", "profile_name": "atmosync_dbt", "target_name": "dev", "connection_name": "list_ATMOSYNC_DB"} */
[0m18:59:54.159339 [debug] [ThreadPool]: Opening a new connection, currently in state init
[0m19:00:16.563542 [debug] [ThreadPool]: SQL status: SUCCESS 4 in 22.405 seconds
[0m19:00:16.566665 [debug] [ThreadPool]: Acquiring new snowflake connection 'list_ATMOSYNC_DB_ANALYTICS'
[0m19:00:16.577954 [debug] [ThreadPool]: Using snowflake connection "list_ATMOSYNC_DB_ANALYTICS"
[0m19:00:16.578746 [debug] [ThreadPool]: On list_ATMOSYNC_DB_ANALYTICS: show objects in ATMOSYNC_DB.ANALYTICS
    limit 10000
    

/* {"app": "dbt", "dbt_version": "1.12.0", "profile_name": "atmosync_dbt", "target_name": "dev", "connection_name": "list_ATMOSYNC_DB_ANALYTICS"} */;
[0m19:00:16.579290 [debug] [ThreadPool]: Opening a new connection, currently in state init
[0m19:00:46.640250 [debug] [ThreadPool]: SQL status: SUCCESS 4 in 30.061 seconds
[0m19:00:46.645810 [debug] [ThreadPool]: Using snowflake connection "list_ATMOSYNC_DB_ANALYTICS"
[0m19:00:46.646176 [debug] [ThreadPool]: On list_ATMOSYNC_DB_ANALYTICS: show user functions in ATMOSYNC_DB.ANALYTICS
/* {"app": "dbt", "dbt_version": "1.12.0", "profile_name": "atmosync_dbt", "target_name": "dev", "connection_name": "list_ATMOSYNC_DB_ANALYTICS"} */
[0m19:00:48.320597 [debug] [ThreadPool]: SQL status: SUCCESS 0 in 1.674 seconds
[0m19:00:48.323427 [debug] [MainThread]: Sending event: {'category': 'dbt', 'action': 'runnable_timing', 'label': '66bb795a-ac83-41e1-beee-343b960692f7', 'context': [<snowplow_tracker.self_describing_json.SelfDescribingJson object at 0x000001B8CD938870>]}
[0m19:00:48.332494 [debug] [Thread-2 (]: Began running node model.atmosync_dbt.stg_container_telemetry
[0m19:00:48.333150 [info ] [Thread-2 (]: 1 of 2 START sql view model ANALYTICS.stg_container_telemetry .................. [RUN]
[0m19:00:48.333979 [debug] [Thread-2 (]: Acquiring new snowflake connection 'model.atmosync_dbt.stg_container_telemetry'
[0m19:00:48.334433 [debug] [Thread-2 (]: Began compiling node model.atmosync_dbt.stg_container_telemetry
[0m19:00:48.341507 [debug] [Thread-2 (]: Writing injected SQL for node "model.atmosync_dbt.stg_container_telemetry"
[0m19:00:48.347792 [debug] [Thread-2 (]: Began executing node model.atmosync_dbt.stg_container_telemetry
[0m19:00:48.378960 [debug] [Thread-2 (]: Writing runtime sql for node "model.atmosync_dbt.stg_container_telemetry"
[0m19:00:48.383197 [debug] [Thread-2 (]: Using snowflake connection "model.atmosync_dbt.stg_container_telemetry"
[0m19:00:48.383758 [debug] [Thread-2 (]: On model.atmosync_dbt.stg_container_telemetry: create or replace   view ATMOSYNC_DB.ANALYTICS.stg_container_telemetry
  
  
  
  
  as (
    WITH raw_source AS (
    SELECT * FROM ATMOSYNC_DB.RAW.RAW_CONTAINER_TELEMETRY
)

SELECT
    raw_payload:event_id::STRING AS event_id,
    raw_payload:container_id::STRING AS container_id,
    raw_payload:commodity::STRING AS commodity,
    raw_payload:timestamp::TIMESTAMP AS event_timestamp,
    raw_payload:telemetry.temperature_c::FLOAT AS temperature_c,
    raw_payload:telemetry.humidity_pct::FLOAT AS humidity_pct,
    raw_payload:telemetry.vibration_g::FLOAT AS vibration_g,
    raw_payload:location.latitude::FLOAT AS latitude,
    raw_payload:location.longitude::FLOAT AS longitude,
    ingested_at
FROM raw_source
  )
/* {"app": "dbt", "dbt_version": "1.12.0", "profile_name": "atmosync_dbt", "target_name": "dev", "node_id": "model.atmosync_dbt.stg_container_telemetry"} */;
[0m19:00:48.384556 [debug] [Thread-2 (]: Opening a new connection, currently in state init
[0m19:01:12.597899 [debug] [Thread-2 (]: SQL status: SUCCESS 1 in 24.213 seconds
[0m19:01:12.644039 [debug] [Thread-2 (]: Sending event: {'category': 'dbt', 'action': 'run_model', 'label': '66bb795a-ac83-41e1-beee-343b960692f7', 'context': [<snowplow_tracker.self_describing_json.SelfDescribingJson object at 0x000001B8CDE47E90>]}
[0m19:01:12.645096 [info ] [Thread-2 (]: 1 of 2 OK created sql view model ANALYTICS.stg_container_telemetry ............. [[32mSUCCESS 1[0m in 24.31s]
[0m19:01:12.646270 [debug] [Thread-2 (]: Finished running node model.atmosync_dbt.stg_container_telemetry
[0m19:01:12.647997 [debug] [Thread-3 (]: Began running node model.atmosync_dbt.fct_spoilage_arbitrage
[0m19:01:12.648786 [info ] [Thread-3 (]: 2 of 2 START sql view model ANALYTICS.fct_spoilage_arbitrage ................... [RUN]
[0m19:01:12.649860 [debug] [Thread-3 (]: Acquiring new snowflake connection 'model.atmosync_dbt.fct_spoilage_arbitrage'
[0m19:01:12.650344 [debug] [Thread-3 (]: Began compiling node model.atmosync_dbt.fct_spoilage_arbitrage
[0m19:01:12.653581 [debug] [Thread-3 (]: Writing injected SQL for node "model.atmosync_dbt.fct_spoilage_arbitrage"
[0m19:01:12.657985 [debug] [Thread-3 (]: Began executing node model.atmosync_dbt.fct_spoilage_arbitrage
[0m19:01:12.662683 [debug] [Thread-3 (]: Writing runtime sql for node "model.atmosync_dbt.fct_spoilage_arbitrage"
[0m19:01:12.668705 [debug] [Thread-3 (]: Using snowflake connection "model.atmosync_dbt.fct_spoilage_arbitrage"
[0m19:01:12.669505 [debug] [Thread-3 (]: On model.atmosync_dbt.fct_spoilage_arbitrage: create or replace   view ATMOSYNC_DB.ANALYTICS.fct_spoilage_arbitrage
  
  
  
  
  as (
    WITH latest_telemetry AS (
    SELECT 
        container_id,
        commodity,
        temperature_c,
        humidity_pct,
        latitude,
        longitude,
        event_timestamp,
        ROW_NUMBER() OVER (PARTITION BY container_id ORDER BY event_timestamp DESC) as rn
    FROM ATMOSYNC_DB.ANALYTICS.stg_container_telemetry
),

current_status AS (
    SELECT * 
    FROM latest_telemetry 
    WHERE rn = 1
),

calculated_risk AS (
    SELECT 
        t.container_id,
        t.commodity,
        t.temperature_c,
        t.latitude AS current_lat,
        t.longitude AS current_lon,
        t.event_timestamp,
        
        -- Quality degradation: 12.5% loss per degree above 6.0°C threshold
        CASE 
            WHEN t.temperature_c > 6.0 THEN GREATEST(0, (t.temperature_c - 6.0) * 12.5)
            ELSE 0 
        END AS quality_degradation_pct,
        
        -- Thermal risk classification
        CASE 
            WHEN t.temperature_c > 6.0 THEN 'CRITICAL - HIGH SPOILAGE'
            WHEN t.temperature_c > 4.5 THEN 'WARNING - TEMP DRIFT'
            ELSE 'OPTIMAL'
        END AS thermal_status
    FROM current_status t
)

SELECT 
    cr.container_id,
    cr.commodity,
    cr.temperature_c,
    cr.current_lat,
    cr.current_lon,
    cr.event_timestamp,
    cr.quality_degradation_pct,
    cr.thermal_status,
    mp.market_id AS recommended_reroute_market,
    mp.market_name,
    mp.base_price_per_ton,
    
    -- Calculated Salvage Value (Remaining market value per ton)
    ROUND(mp.base_price_per_ton * (1 - (cr.quality_degradation_pct / 100.0)), 2) AS salvage_value_per_ton,
    
    -- Estimated Financial Loss Prevented per ton by rerouting
    ROUND(mp.base_price_per_ton * (cr.quality_degradation_pct / 100.0), 2) AS arbitrage_loss_prevented
FROM calculated_risk cr
CROSS JOIN ATMOSYNC_DB.RAW.MARKET_PRICING mp
WHERE mp.commodity = cr.commodity
  AND mp.market_id = CASE 
                        WHEN cr.thermal_status = 'CRITICAL - HIGH SPOILAGE' THEN 'MKT-LIS' 
                        ELSE 'MKT-ROT' 
                     END
  )
/* {"app": "dbt", "dbt_version": "1.12.0", "profile_name": "atmosync_dbt", "target_name": "dev", "node_id": "model.atmosync_dbt.fct_spoilage_arbitrage"} */;
[0m19:01:12.671218 [debug] [Thread-3 (]: Opening a new connection, currently in state init
[0m19:01:35.640299 [debug] [Thread-3 (]: SQL status: SUCCESS 1 in 22.969 seconds
[0m19:01:35.644710 [debug] [Thread-3 (]: Sending event: {'category': 'dbt', 'action': 'run_model', 'label': '66bb795a-ac83-41e1-beee-343b960692f7', 'context': [<snowplow_tracker.self_describing_json.SelfDescribingJson object at 0x000001B8CD841BD0>]}
[0m19:01:35.645816 [info ] [Thread-3 (]: 2 of 2 OK created sql view model ANALYTICS.fct_spoilage_arbitrage .............. [[32mSUCCESS 1[0m in 22.99s]
[0m19:01:35.647116 [debug] [Thread-3 (]: Finished running node model.atmosync_dbt.fct_spoilage_arbitrage
[0m19:01:35.649614 [debug] [MainThread]: Connection 'master' was properly closed.
[0m19:01:35.650122 [debug] [MainThread]: Connection 'list_ATMOSYNC_DB' was left open.
[0m19:01:35.650558 [debug] [MainThread]: On list_ATMOSYNC_DB: Close
[0m19:01:35.935390 [debug] [MainThread]: Connection 'list_ATMOSYNC_DB_ANALYTICS' was left open.
[0m19:01:35.936454 [debug] [MainThread]: On list_ATMOSYNC_DB_ANALYTICS: Close
[0m19:01:36.287595 [debug] [MainThread]: Connection 'model.atmosync_dbt.stg_container_telemetry' was left open.
[0m19:01:36.288292 [debug] [MainThread]: On model.atmosync_dbt.stg_container_telemetry: Close
[0m19:01:36.603016 [debug] [MainThread]: Connection 'model.atmosync_dbt.fct_spoilage_arbitrage' was left open.
[0m19:01:36.603698 [debug] [MainThread]: On model.atmosync_dbt.fct_spoilage_arbitrage: Close
[0m19:01:36.912396 [info ] [MainThread]: 
[0m19:01:36.913837 [info ] [MainThread]: Finished running 2 view models in 0 hours 1 minutes and 42.79 seconds (102.79s).
[0m19:01:36.916012 [debug] [MainThread]: Command end result
[0m19:01:36.966959 [debug] [MainThread]: Wrote artifact WritableManifest to D:\Infotact solutions\Project\AtmoSync - analytics\atmosync_dbt\target\manifest.json
[0m19:01:36.974988 [debug] [MainThread]: Wrote artifact SemanticManifest to D:\Infotact solutions\Project\AtmoSync - analytics\atmosync_dbt\target\semantic_manifest.json
[0m19:01:36.980389 [debug] [MainThread]: Wrote artifact OsiDocument to D:\Infotact solutions\Project\AtmoSync - analytics\atmosync_dbt\target\osi_document.json
[0m19:01:36.993127 [debug] [MainThread]: Wrote artifact RunExecutionResult to D:\Infotact solutions\Project\AtmoSync - analytics\atmosync_dbt\target\run_results.json
[0m19:01:36.993652 [info ] [MainThread]: 
[0m19:01:36.994753 [info ] [MainThread]: [32mCompleted successfully[0m
[0m19:01:36.995570 [info ] [MainThread]: 
[0m19:01:36.996603 [info ] [MainThread]: Done. PASS=2 WARN=0 ERROR=0 SKIP=0 NO-OP=0 REUSED=0 TOTAL=2
[0m19:01:36.998904 [debug] [MainThread]: Command `dbt run` succeeded at 19:01:36.998578 after 113.34 seconds
[0m19:01:37.001096 [debug] [MainThread]: Sending event: {'category': 'dbt', 'action': 'invocation', 'label': 'end', 'context': [<snowplow_tracker.self_describing_json.SelfDescribingJson object at 0x000001B8CD828190>, <snowplow_tracker.self_describing_json.SelfDescribingJson object at 0x000001B8CDE305F0>, <snowplow_tracker.self_describing_json.SelfDescribingJson object at 0x000001B8CEFD06D0>]}
[0m19:01:37.001896 [debug] [MainThread]: Flushing usage events
[0m19:01:49.509806 [debug] [MainThread]: An error was encountered while trying to flush usage events
[0m20:10:13.964460 [debug] [MainThread]: Sending event: {'category': 'dbt', 'action': 'invocation', 'label': 'start', 'context': [<snowplow_tracker.self_describing_json.SelfDescribingJson object at 0x0000026EA51FC830>, <snowplow_tracker.self_describing_json.SelfDescribingJson object at 0x0000026EA2AF0CD0>, <snowplow_tracker.self_describing_json.SelfDescribingJson object at 0x0000026EA7A4F890>]}


============================== 20:10:14.024344 | e8eeb32c-20c4-4fa2-ac05-50a79d34028e ==============================
[0m20:10:14.024344 [info ] [MainThread]: Running with dbt=1.12.0
[0m20:10:14.025548 [debug] [MainThread]: running dbt with arguments {'static_parser': 'True', 'no_print': 'None', 'maximum_seed_size_mib': '1', 'warn_error_options': 'WarnErrorOptionsV2(error=[], warn=[], silence=[])', 'target_path': 'None', 'version_check': 'True', 'printer_width': '80', 'write_json': 'True', 'introspect': 'True', 'log_cache_events': 'False', 'empty': 'False', 'cache_selected_only': 'False', 'log_format': 'default', 'debug': 'False', 'fail_fast': 'False', 'partial_parse': 'True', 'send_anonymous_usage_stats': 'True', 'quiet': 'False', 'warn_error': 'None', 'profiles_dir': 'C:\\Users\\HP\\.dbt', 'indirect_selection': 'eager', 'hints_enabled': 'True', 'use_colors': 'True', 'use_experimental_parser': 'False', 'invocation_command': 'dbt run', 'log_path': 'D:\\Infotact solutions\\Project\\AtmoSync - analytics\\atmosync_dbt\\logs'}
[0m20:10:16.714363 [debug] [MainThread]: Snowflake adapter: Setting snowflake.connector to ERROR (file logging only)
[0m20:10:16.715355 [debug] [MainThread]: Snowflake adapter: Setting botocore to ERROR (file logging only)
[0m20:10:16.764898 [debug] [MainThread]: Snowflake adapter: Setting boto3 to ERROR (file logging only)
[0m20:10:17.512472 [debug] [MainThread]: Sending event: {'category': 'dbt', 'action': 'project_id', 'label': 'e8eeb32c-20c4-4fa2-ac05-50a79d34028e', 'context': [<snowplow_tracker.self_describing_json.SelfDescribingJson object at 0x0000026EB62CCB00>]}
[0m20:10:17.607594 [debug] [MainThread]: Sending event: {'category': 'dbt', 'action': 'adapter_info', 'label': 'e8eeb32c-20c4-4fa2-ac05-50a79d34028e', 'context': [<snowplow_tracker.self_describing_json.SelfDescribingJson object at 0x0000026EB993FF00>]}
[0m20:10:17.610683 [info ] [MainThread]: Registered adapter: snowflake=1.12.0
[0m20:10:18.443420 [debug] [MainThread]: checksum: 44cfe2fe4a21c7df33efd3500815905e782cd1dfc95fd168940d6cd5a95f23b5, vars: {}, profile: atmosync_dbt, target: dev, version: 1.12.0
[0m20:10:18.795803 [debug] [MainThread]: Partial parsing enabled: 0 files deleted, 0 files added, 0 files changed.
[0m20:10:18.796369 [debug] [MainThread]: Nothing changed, skipping partial parsing.
[0m20:10:18.796764 [debug] [MainThread]: Partial parsing enabled, no changes found, skipping parsing
[0m20:10:18.805469 [warn ] [MainThread]: [[33mWARNING[0m]: Configuration paths exist in your dbt_project.yml file which do not apply to any resources.
There are 1 unused configuration paths:
- models.atmosync_dbt.example
[0m20:10:18.815568 [debug] [MainThread]: Sending event: {'category': 'dbt', 'action': 'load_project', 'label': 'e8eeb32c-20c4-4fa2-ac05-50a79d34028e', 'context': [<snowplow_tracker.self_describing_json.SelfDescribingJson object at 0x0000026EB9DA3650>]}
[0m20:10:19.173752 [debug] [MainThread]: Wrote artifact WritableManifest to D:\Infotact solutions\Project\AtmoSync - analytics\atmosync_dbt\target\manifest.json
[0m20:10:19.180977 [debug] [MainThread]: Wrote artifact SemanticManifest to D:\Infotact solutions\Project\AtmoSync - analytics\atmosync_dbt\target\semantic_manifest.json
[0m20:10:19.272997 [debug] [MainThread]: Wrote artifact OsiDocument to D:\Infotact solutions\Project\AtmoSync - analytics\atmosync_dbt\target\osi_document.json
[0m20:10:19.314135 [debug] [MainThread]: Sending event: {'category': 'dbt', 'action': 'resource_counts', 'label': 'e8eeb32c-20c4-4fa2-ac05-50a79d34028e', 'context': [<snowplow_tracker.self_describing_json.SelfDescribingJson object at 0x0000026EBA0336B0>]}
[0m20:10:19.315339 [info ] [MainThread]: Found 2 models, 4 data tests, 2 sources, 545 macros
[0m20:10:19.316690 [debug] [MainThread]: Sending event: {'category': 'dbt', 'action': 'runnable_timing', 'label': 'e8eeb32c-20c4-4fa2-ac05-50a79d34028e', 'context': [<snowplow_tracker.self_describing_json.SelfDescribingJson object at 0x0000026EBA04B850>]}
[0m20:10:19.333524 [info ] [MainThread]: 
[0m20:10:19.336409 [info ] [MainThread]: Concurrency: 4 threads (target='dev')
[0m20:10:19.337810 [info ] [MainThread]: 
[0m20:10:19.344148 [debug] [MainThread]: Acquiring new snowflake connection 'master'
[0m20:10:19.364254 [debug] [ThreadPool]: Acquiring new snowflake connection 'list_ATMOSYNC_DB'
[0m20:10:19.405624 [debug] [ThreadPool]: Using snowflake connection "list_ATMOSYNC_DB"
[0m20:10:19.406642 [debug] [ThreadPool]: On list_ATMOSYNC_DB: show terse schemas in database ATMOSYNC_DB
    limit 10000
/* {"app": "dbt", "dbt_version": "1.12.0", "profile_name": "atmosync_dbt", "target_name": "dev", "connection_name": "list_ATMOSYNC_DB"} */
[0m20:10:19.407359 [debug] [ThreadPool]: Opening a new connection, currently in state init
[0m20:10:21.248619 [debug] [ThreadPool]: SQL status: SUCCESS 4 in 1.841 seconds
[0m20:10:21.251583 [debug] [ThreadPool]: Acquiring new snowflake connection 'list_ATMOSYNC_DB_ANALYTICS'
[0m20:10:21.262250 [debug] [ThreadPool]: Using snowflake connection "list_ATMOSYNC_DB_ANALYTICS"
[0m20:10:21.262631 [debug] [ThreadPool]: On list_ATMOSYNC_DB_ANALYTICS: show objects in ATMOSYNC_DB.ANALYTICS
    limit 10000
    

/* {"app": "dbt", "dbt_version": "1.12.0", "profile_name": "atmosync_dbt", "target_name": "dev", "connection_name": "list_ATMOSYNC_DB_ANALYTICS"} */;
[0m20:10:21.262978 [debug] [ThreadPool]: Opening a new connection, currently in state init
[0m20:10:21.900734 [debug] [ThreadPool]: SQL status: SUCCESS 4 in 0.638 seconds
[0m20:10:21.908169 [debug] [ThreadPool]: Using snowflake connection "list_ATMOSYNC_DB_ANALYTICS"
[0m20:10:21.908709 [debug] [ThreadPool]: On list_ATMOSYNC_DB_ANALYTICS: show user functions in ATMOSYNC_DB.ANALYTICS
/* {"app": "dbt", "dbt_version": "1.12.0", "profile_name": "atmosync_dbt", "target_name": "dev", "connection_name": "list_ATMOSYNC_DB_ANALYTICS"} */
[0m20:10:22.068343 [debug] [ThreadPool]: SQL status: SUCCESS 0 in 0.159 seconds
[0m20:10:22.074487 [debug] [MainThread]: Sending event: {'category': 'dbt', 'action': 'runnable_timing', 'label': 'e8eeb32c-20c4-4fa2-ac05-50a79d34028e', 'context': [<snowplow_tracker.self_describing_json.SelfDescribingJson object at 0x0000026EB9BD8870>]}
[0m20:10:22.084244 [debug] [Thread-2 (]: Began running node model.atmosync_dbt.stg_container_telemetry
[0m20:10:22.085835 [info ] [Thread-2 (]: 1 of 2 START sql view model ANALYTICS.stg_container_telemetry .................. [RUN]
[0m20:10:22.087315 [debug] [Thread-2 (]: Acquiring new snowflake connection 'model.atmosync_dbt.stg_container_telemetry'
[0m20:10:22.087866 [debug] [Thread-2 (]: Began compiling node model.atmosync_dbt.stg_container_telemetry
[0m20:10:22.096972 [debug] [Thread-2 (]: Writing injected SQL for node "model.atmosync_dbt.stg_container_telemetry"
[0m20:10:22.100569 [debug] [Thread-2 (]: Began executing node model.atmosync_dbt.stg_container_telemetry
[0m20:10:22.153358 [debug] [Thread-2 (]: Writing runtime sql for node "model.atmosync_dbt.stg_container_telemetry"
[0m20:10:22.172040 [debug] [Thread-2 (]: Using snowflake connection "model.atmosync_dbt.stg_container_telemetry"
[0m20:10:22.173156 [debug] [Thread-2 (]: On model.atmosync_dbt.stg_container_telemetry: create or replace   view ATMOSYNC_DB.ANALYTICS.stg_container_telemetry
  
  
  
  
  as (
    WITH raw_source AS (
    SELECT * FROM ATMOSYNC_DB.RAW.RAW_CONTAINER_TELEMETRY
)

SELECT
    raw_payload:event_id::STRING AS event_id,
    raw_payload:container_id::STRING AS container_id,
    raw_payload:commodity::STRING AS commodity,
    raw_payload:timestamp::TIMESTAMP AS event_timestamp,
    raw_payload:telemetry.temperature_c::FLOAT AS temperature_c,
    raw_payload:telemetry.humidity_pct::FLOAT AS humidity_pct,
    raw_payload:telemetry.vibration_g::FLOAT AS vibration_g,
    raw_payload:location.latitude::FLOAT AS latitude,
    raw_payload:location.longitude::FLOAT AS longitude,
    ingested_at
FROM raw_source
  )
/* {"app": "dbt", "dbt_version": "1.12.0", "profile_name": "atmosync_dbt", "target_name": "dev", "node_id": "model.atmosync_dbt.stg_container_telemetry"} */;
[0m20:10:22.174108 [debug] [Thread-2 (]: Opening a new connection, currently in state init
[0m20:10:22.949163 [debug] [Thread-2 (]: SQL status: SUCCESS 1 in 0.775 seconds
[0m20:10:22.977536 [debug] [Thread-2 (]: Sending event: {'category': 'dbt', 'action': 'run_model', 'label': 'e8eeb32c-20c4-4fa2-ac05-50a79d34028e', 'context': [<snowplow_tracker.self_describing_json.SelfDescribingJson object at 0x0000026EBA0E7E90>]}
[0m20:10:22.978761 [info ] [Thread-2 (]: 1 of 2 OK created sql view model ANALYTICS.stg_container_telemetry ............. [[32mSUCCESS 1[0m in 0.89s]
[0m20:10:22.980012 [debug] [Thread-2 (]: Finished running node model.atmosync_dbt.stg_container_telemetry
[0m20:10:22.980801 [debug] [Thread-3 (]: Began running node model.atmosync_dbt.fct_spoilage_arbitrage
[0m20:10:22.981337 [info ] [Thread-3 (]: 2 of 2 START sql view model ANALYTICS.fct_spoilage_arbitrage ................... [RUN]
[0m20:10:22.982091 [debug] [Thread-3 (]: Acquiring new snowflake connection 'model.atmosync_dbt.fct_spoilage_arbitrage'
[0m20:10:22.982524 [debug] [Thread-3 (]: Began compiling node model.atmosync_dbt.fct_spoilage_arbitrage
[0m20:10:22.985130 [debug] [Thread-3 (]: Writing injected SQL for node "model.atmosync_dbt.fct_spoilage_arbitrage"
[0m20:10:22.987474 [debug] [Thread-3 (]: Began executing node model.atmosync_dbt.fct_spoilage_arbitrage
[0m20:10:22.990073 [debug] [Thread-3 (]: Writing runtime sql for node "model.atmosync_dbt.fct_spoilage_arbitrage"
[0m20:10:22.994160 [debug] [Thread-3 (]: Using snowflake connection "model.atmosync_dbt.fct_spoilage_arbitrage"
[0m20:10:22.994757 [debug] [Thread-3 (]: On model.atmosync_dbt.fct_spoilage_arbitrage: create or replace   view ATMOSYNC_DB.ANALYTICS.fct_spoilage_arbitrage
  
  
  
  
  as (
    WITH latest_telemetry AS (
    SELECT 
        container_id,
        commodity,
        temperature_c,
        humidity_pct,
        latitude,
        longitude,
        event_timestamp,
        ROW_NUMBER() OVER (PARTITION BY container_id ORDER BY event_timestamp DESC) as rn
    FROM ATMOSYNC_DB.ANALYTICS.stg_container_telemetry
),

current_status AS (
    SELECT * 
    FROM latest_telemetry 
    WHERE rn = 1
),

calculated_risk AS (
    SELECT 
        t.container_id,
        t.commodity,
        t.temperature_c,
        t.latitude AS current_lat,
        t.longitude AS current_lon,
        t.event_timestamp,
        
        -- Quality degradation: 12.5% loss per degree above 6.0°C threshold
        CASE 
            WHEN t.temperature_c > 6.0 THEN GREATEST(0, (t.temperature_c - 6.0) * 12.5)
            ELSE 0 
        END AS quality_degradation_pct,
        
        -- Thermal risk classification
        CASE 
            WHEN t.temperature_c > 6.0 THEN 'CRITICAL - HIGH SPOILAGE'
            WHEN t.temperature_c > 4.5 THEN 'WARNING - TEMP DRIFT'
            ELSE 'OPTIMAL'
        END AS thermal_status
    FROM current_status t
)

SELECT 
    cr.container_id,
    cr.commodity,
    cr.temperature_c,
    cr.current_lat,
    cr.current_lon,
    cr.event_timestamp,
    cr.quality_degradation_pct,
    cr.thermal_status,
    mp.market_id AS recommended_reroute_market,
    mp.market_name,
    mp.base_price_per_ton,
    
    -- Calculated Salvage Value (Remaining market value per ton)
    ROUND(mp.base_price_per_ton * (1 - (cr.quality_degradation_pct / 100.0)), 2) AS salvage_value_per_ton,
    
    -- Estimated Financial Loss Prevented per ton by rerouting
    ROUND(mp.base_price_per_ton * (cr.quality_degradation_pct / 100.0), 2) AS arbitrage_loss_prevented
FROM calculated_risk cr
CROSS JOIN ATMOSYNC_DB.RAW.MARKET_PRICING mp
WHERE mp.commodity = cr.commodity
  AND mp.market_id = CASE 
                        WHEN cr.thermal_status = 'CRITICAL - HIGH SPOILAGE' THEN 'MKT-LIS' 
                        ELSE 'MKT-ROT' 
                     END
  )
/* {"app": "dbt", "dbt_version": "1.12.0", "profile_name": "atmosync_dbt", "target_name": "dev", "node_id": "model.atmosync_dbt.fct_spoilage_arbitrage"} */;
[0m20:10:22.995251 [debug] [Thread-3 (]: Opening a new connection, currently in state init
[0m20:10:24.225207 [debug] [Thread-3 (]: SQL status: SUCCESS 1 in 1.230 seconds
[0m20:10:24.230404 [debug] [Thread-3 (]: Sending event: {'category': 'dbt', 'action': 'run_model', 'label': 'e8eeb32c-20c4-4fa2-ac05-50a79d34028e', 'context': [<snowplow_tracker.self_describing_json.SelfDescribingJson object at 0x0000026EB9AE1BD0>]}
[0m20:10:24.231638 [info ] [Thread-3 (]: 2 of 2 OK created sql view model ANALYTICS.fct_spoilage_arbitrage .............. [[32mSUCCESS 1[0m in 1.25s]
[0m20:10:24.232785 [debug] [Thread-3 (]: Finished running node model.atmosync_dbt.fct_spoilage_arbitrage
[0m20:10:24.234791 [debug] [MainThread]: Connection 'master' was properly closed.
[0m20:10:24.235288 [debug] [MainThread]: Connection 'list_ATMOSYNC_DB' was left open.
[0m20:10:24.235690 [debug] [MainThread]: On list_ATMOSYNC_DB: Close
[0m20:10:24.497712 [debug] [MainThread]: Connection 'list_ATMOSYNC_DB_ANALYTICS' was left open.
[0m20:10:24.498232 [debug] [MainThread]: On list_ATMOSYNC_DB_ANALYTICS: Close
[0m20:10:24.710265 [debug] [MainThread]: Connection 'model.atmosync_dbt.stg_container_telemetry' was left open.
[0m20:10:24.710761 [debug] [MainThread]: On model.atmosync_dbt.stg_container_telemetry: Close
[0m20:10:24.949918 [debug] [MainThread]: Connection 'model.atmosync_dbt.fct_spoilage_arbitrage' was left open.
[0m20:10:24.950343 [debug] [MainThread]: On model.atmosync_dbt.fct_spoilage_arbitrage: Close
[0m20:10:25.213465 [info ] [MainThread]: 
[0m20:10:25.214155 [info ] [MainThread]: Finished running 2 view models in 0 hours 0 minutes and 5.87 seconds (5.87s).
[0m20:10:25.215068 [debug] [MainThread]: Command end result
[0m20:10:25.248582 [debug] [MainThread]: Wrote artifact WritableManifest to D:\Infotact solutions\Project\AtmoSync - analytics\atmosync_dbt\target\manifest.json
[0m20:10:25.251982 [debug] [MainThread]: Wrote artifact SemanticManifest to D:\Infotact solutions\Project\AtmoSync - analytics\atmosync_dbt\target\semantic_manifest.json
[0m20:10:25.255469 [debug] [MainThread]: Wrote artifact OsiDocument to D:\Infotact solutions\Project\AtmoSync - analytics\atmosync_dbt\target\osi_document.json
[0m20:10:25.262866 [debug] [MainThread]: Wrote artifact RunExecutionResult to D:\Infotact solutions\Project\AtmoSync - analytics\atmosync_dbt\target\run_results.json
[0m20:10:25.263270 [info ] [MainThread]: 
[0m20:10:25.263827 [info ] [MainThread]: [32mCompleted successfully[0m
[0m20:10:25.264272 [info ] [MainThread]: 
[0m20:10:25.264733 [info ] [MainThread]: Done. PASS=2 WARN=0 ERROR=0 SKIP=0 NO-OP=0 REUSED=0 TOTAL=2
[0m20:10:25.265423 [debug] [MainThread]: Command `dbt run` succeeded at 20:10:25.265327 after 11.98 seconds
[0m20:10:25.265732 [debug] [MainThread]: Sending event: {'category': 'dbt', 'action': 'invocation', 'label': 'end', 'context': [<snowplow_tracker.self_describing_json.SelfDescribingJson object at 0x0000026EB9AC8190>, <snowplow_tracker.self_describing_json.SelfDescribingJson object at 0x0000026EBA0D05F0>, <snowplow_tracker.self_describing_json.SelfDescribingJson object at 0x0000026EA7A6A7D0>]}
[0m20:10:25.266049 [debug] [MainThread]: Flushing usage events
[0m20:10:27.193035 [debug] [MainThread]: An error was encountered while trying to flush usage events
[0m22:18:39.311073 [debug] [MainThread]: Sending event: {'category': 'dbt', 'action': 'invocation', 'label': 'start', 'context': [<snowplow_tracker.self_describing_json.SelfDescribingJson object at 0x000002025583C830>, <snowplow_tracker.self_describing_json.SelfDescribingJson object at 0x0000020253140B90>, <snowplow_tracker.self_describing_json.SelfDescribingJson object at 0x000002025808F890>]}


============================== 22:18:39.336633 | 7994c23c-dfa4-4c10-aa0d-06ca4727d057 ==============================
[0m22:18:39.336633 [info ] [MainThread]: Running with dbt=1.12.0
[0m22:18:39.337693 [debug] [MainThread]: running dbt with arguments {'maximum_seed_size_mib': '1', 'no_print': 'None', 'version_check': 'True', 'warn_error_options': 'WarnErrorOptionsV2(error=[], warn=[], silence=[])', 'static_parser': 'True', 'target_path': 'None', 'printer_width': '80', 'write_json': 'True', 'empty': 'False', 'log_cache_events': 'False', 'introspect': 'True', 'cache_selected_only': 'False', 'fail_fast': 'False', 'debug': 'False', 'log_format': 'default', 'profiles_dir': 'C:\\Users\\HP\\.dbt', 'send_anonymous_usage_stats': 'True', 'quiet': 'False', 'warn_error': 'None', 'partial_parse': 'True', 'invocation_command': 'dbt run', 'hints_enabled': 'True', 'indirect_selection': 'eager', 'use_experimental_parser': 'False', 'use_colors': 'True', 'log_path': 'D:\\Infotact solutions\\Project\\AtmoSync - analytics\\atmosync_dbt\\logs'}
[0m22:18:41.513114 [debug] [MainThread]: Snowflake adapter: Setting snowflake.connector to ERROR (file logging only)
[0m22:18:41.513673 [debug] [MainThread]: Snowflake adapter: Setting botocore to ERROR (file logging only)
[0m22:18:41.514076 [debug] [MainThread]: Snowflake adapter: Setting boto3 to ERROR (file logging only)
[0m22:18:42.206827 [debug] [MainThread]: Sending event: {'category': 'dbt', 'action': 'project_id', 'label': '7994c23c-dfa4-4c10-aa0d-06ca4727d057', 'context': [<snowplow_tracker.self_describing_json.SelfDescribingJson object at 0x000002026690CB00>]}
[0m22:18:42.335805 [debug] [MainThread]: Sending event: {'category': 'dbt', 'action': 'adapter_info', 'label': '7994c23c-dfa4-4c10-aa0d-06ca4727d057', 'context': [<snowplow_tracker.self_describing_json.SelfDescribingJson object at 0x0000020269F7FF00>]}
[0m22:18:42.339258 [info ] [MainThread]: Registered adapter: snowflake=1.12.0
[0m22:18:43.167133 [debug] [MainThread]: checksum: 44cfe2fe4a21c7df33efd3500815905e782cd1dfc95fd168940d6cd5a95f23b5, vars: {}, profile: atmosync_dbt, target: dev, version: 1.12.0
[0m22:18:43.603810 [debug] [MainThread]: Partial parsing enabled: 0 files deleted, 0 files added, 0 files changed.
[0m22:18:43.604326 [debug] [MainThread]: Nothing changed, skipping partial parsing.
[0m22:18:43.604680 [debug] [MainThread]: Partial parsing enabled, no changes found, skipping parsing
[0m22:18:43.612185 [warn ] [MainThread]: [[33mWARNING[0m]: Configuration paths exist in your dbt_project.yml file which do not apply to any resources.
There are 1 unused configuration paths:
- models.atmosync_dbt.example
[0m22:18:43.617923 [debug] [MainThread]: Sending event: {'category': 'dbt', 'action': 'load_project', 'label': '7994c23c-dfa4-4c10-aa0d-06ca4727d057', 'context': [<snowplow_tracker.self_describing_json.SelfDescribingJson object at 0x000002026A3E3650>]}
[0m22:18:44.077982 [debug] [MainThread]: Wrote artifact WritableManifest to D:\Infotact solutions\Project\AtmoSync - analytics\atmosync_dbt\target\manifest.json
[0m22:18:44.087914 [debug] [MainThread]: Wrote artifact SemanticManifest to D:\Infotact solutions\Project\AtmoSync - analytics\atmosync_dbt\target\semantic_manifest.json
[0m22:18:44.171519 [debug] [MainThread]: Wrote artifact OsiDocument to D:\Infotact solutions\Project\AtmoSync - analytics\atmosync_dbt\target\osi_document.json
[0m22:18:44.214842 [debug] [MainThread]: Sending event: {'category': 'dbt', 'action': 'resource_counts', 'label': '7994c23c-dfa4-4c10-aa0d-06ca4727d057', 'context': [<snowplow_tracker.self_describing_json.SelfDescribingJson object at 0x000002026A6736B0>]}
[0m22:18:44.215733 [info ] [MainThread]: Found 2 models, 4 data tests, 2 sources, 545 macros
[0m22:18:44.216586 [debug] [MainThread]: Sending event: {'category': 'dbt', 'action': 'runnable_timing', 'label': '7994c23c-dfa4-4c10-aa0d-06ca4727d057', 'context': [<snowplow_tracker.self_describing_json.SelfDescribingJson object at 0x000002026A68B850>]}
[0m22:18:44.220190 [info ] [MainThread]: 
[0m22:18:44.221111 [info ] [MainThread]: Concurrency: 4 threads (target='dev')
[0m22:18:44.221823 [info ] [MainThread]: 
[0m22:18:44.223385 [debug] [MainThread]: Acquiring new snowflake connection 'master'
[0m22:18:44.232258 [debug] [ThreadPool]: Acquiring new snowflake connection 'list_ATMOSYNC_DB'
[0m22:18:44.275443 [debug] [ThreadPool]: Using snowflake connection "list_ATMOSYNC_DB"
[0m22:18:44.276784 [debug] [ThreadPool]: On list_ATMOSYNC_DB: show terse schemas in database ATMOSYNC_DB
    limit 10000
/* {"app": "dbt", "dbt_version": "1.12.0", "profile_name": "atmosync_dbt", "target_name": "dev", "connection_name": "list_ATMOSYNC_DB"} */
[0m22:18:44.278191 [debug] [ThreadPool]: Opening a new connection, currently in state init
[0m22:18:46.333999 [debug] [ThreadPool]: SQL status: SUCCESS 4 in 2.056 seconds
[0m22:18:46.338028 [debug] [ThreadPool]: Acquiring new snowflake connection 'list_ATMOSYNC_DB_ANALYTICS'
[0m22:18:46.353918 [debug] [ThreadPool]: Using snowflake connection "list_ATMOSYNC_DB_ANALYTICS"
[0m22:18:46.354435 [debug] [ThreadPool]: On list_ATMOSYNC_DB_ANALYTICS: show objects in ATMOSYNC_DB.ANALYTICS
    limit 10000
    

/* {"app": "dbt", "dbt_version": "1.12.0", "profile_name": "atmosync_dbt", "target_name": "dev", "connection_name": "list_ATMOSYNC_DB_ANALYTICS"} */;
[0m22:18:46.354795 [debug] [ThreadPool]: Opening a new connection, currently in state init
[0m22:18:48.469384 [debug] [ThreadPool]: SQL status: SUCCESS 4 in 2.115 seconds
[0m22:18:48.475732 [debug] [ThreadPool]: Using snowflake connection "list_ATMOSYNC_DB_ANALYTICS"
[0m22:18:48.476161 [debug] [ThreadPool]: On list_ATMOSYNC_DB_ANALYTICS: show user functions in ATMOSYNC_DB.ANALYTICS
/* {"app": "dbt", "dbt_version": "1.12.0", "profile_name": "atmosync_dbt", "target_name": "dev", "connection_name": "list_ATMOSYNC_DB_ANALYTICS"} */
[0m22:18:48.693127 [debug] [ThreadPool]: SQL status: SUCCESS 0 in 0.217 seconds
[0m22:18:48.696041 [debug] [MainThread]: Sending event: {'category': 'dbt', 'action': 'runnable_timing', 'label': '7994c23c-dfa4-4c10-aa0d-06ca4727d057', 'context': [<snowplow_tracker.self_describing_json.SelfDescribingJson object at 0x000002026A218870>]}
[0m22:18:48.704354 [debug] [Thread-2 (]: Began running node model.atmosync_dbt.stg_container_telemetry
[0m22:18:48.705244 [info ] [Thread-2 (]: 1 of 2 START sql view model ANALYTICS.stg_container_telemetry .................. [RUN]
[0m22:18:48.706158 [debug] [Thread-2 (]: Acquiring new snowflake connection 'model.atmosync_dbt.stg_container_telemetry'
[0m22:18:48.706767 [debug] [Thread-2 (]: Began compiling node model.atmosync_dbt.stg_container_telemetry
[0m22:18:48.712822 [debug] [Thread-2 (]: Writing injected SQL for node "model.atmosync_dbt.stg_container_telemetry"
[0m22:18:48.752434 [debug] [Thread-2 (]: Began executing node model.atmosync_dbt.stg_container_telemetry
[0m22:18:48.790538 [debug] [Thread-2 (]: Writing runtime sql for node "model.atmosync_dbt.stg_container_telemetry"
[0m22:18:48.878349 [debug] [Thread-2 (]: Using snowflake connection "model.atmosync_dbt.stg_container_telemetry"
[0m22:18:48.878834 [debug] [Thread-2 (]: On model.atmosync_dbt.stg_container_telemetry: create or replace   view ATMOSYNC_DB.ANALYTICS.stg_container_telemetry
  
  
  
  
  as (
    WITH raw_source AS (
    SELECT * FROM ATMOSYNC_DB.RAW.RAW_CONTAINER_TELEMETRY
)

SELECT
    raw_payload:event_id::STRING AS event_id,
    raw_payload:container_id::STRING AS container_id,
    raw_payload:commodity::STRING AS commodity,
    raw_payload:timestamp::TIMESTAMP AS event_timestamp,
    raw_payload:telemetry.temperature_c::FLOAT AS temperature_c,
    raw_payload:telemetry.humidity_pct::FLOAT AS humidity_pct,
    raw_payload:telemetry.vibration_g::FLOAT AS vibration_g,
    raw_payload:location.latitude::FLOAT AS latitude,
    raw_payload:location.longitude::FLOAT AS longitude,
    ingested_at
FROM raw_source
  )
/* {"app": "dbt", "dbt_version": "1.12.0", "profile_name": "atmosync_dbt", "target_name": "dev", "node_id": "model.atmosync_dbt.stg_container_telemetry"} */;
[0m22:18:48.879214 [debug] [Thread-2 (]: Opening a new connection, currently in state init
[0m22:18:49.775534 [debug] [Thread-2 (]: SQL status: SUCCESS 1 in 0.896 seconds
[0m22:18:49.809756 [debug] [Thread-2 (]: Sending event: {'category': 'dbt', 'action': 'run_model', 'label': '7994c23c-dfa4-4c10-aa0d-06ca4727d057', 'context': [<snowplow_tracker.self_describing_json.SelfDescribingJson object at 0x000002026A727E90>]}
[0m22:18:49.810533 [info ] [Thread-2 (]: 1 of 2 OK created sql view model ANALYTICS.stg_container_telemetry ............. [[32mSUCCESS 1[0m in 1.10s]
[0m22:18:49.811678 [debug] [Thread-2 (]: Finished running node model.atmosync_dbt.stg_container_telemetry
[0m22:18:49.812504 [debug] [Thread-3 (]: Began running node model.atmosync_dbt.fct_spoilage_arbitrage
[0m22:18:49.813043 [info ] [Thread-3 (]: 2 of 2 START sql view model ANALYTICS.fct_spoilage_arbitrage ................... [RUN]
[0m22:18:49.813840 [debug] [Thread-3 (]: Acquiring new snowflake connection 'model.atmosync_dbt.fct_spoilage_arbitrage'
[0m22:18:49.814197 [debug] [Thread-3 (]: Began compiling node model.atmosync_dbt.fct_spoilage_arbitrage
[0m22:18:49.816522 [debug] [Thread-3 (]: Writing injected SQL for node "model.atmosync_dbt.fct_spoilage_arbitrage"
[0m22:18:49.818592 [debug] [Thread-3 (]: Began executing node model.atmosync_dbt.fct_spoilage_arbitrage
[0m22:18:49.823738 [debug] [Thread-3 (]: Writing runtime sql for node "model.atmosync_dbt.fct_spoilage_arbitrage"
[0m22:18:49.828265 [debug] [Thread-3 (]: Using snowflake connection "model.atmosync_dbt.fct_spoilage_arbitrage"
[0m22:18:49.828819 [debug] [Thread-3 (]: On model.atmosync_dbt.fct_spoilage_arbitrage: create or replace   view ATMOSYNC_DB.ANALYTICS.fct_spoilage_arbitrage
  
  
  
  
  as (
    WITH latest_telemetry AS (
    SELECT 
        container_id,
        commodity,
        temperature_c,
        humidity_pct,
        latitude,
        longitude,
        event_timestamp,
        ROW_NUMBER() OVER (PARTITION BY container_id ORDER BY event_timestamp DESC) as rn
    FROM ATMOSYNC_DB.ANALYTICS.stg_container_telemetry
),

current_status AS (
    SELECT * 
    FROM latest_telemetry 
    WHERE rn = 1
),

calculated_risk AS (
    SELECT 
        t.container_id,
        t.commodity,
        t.temperature_c,
        t.latitude AS current_lat,
        t.longitude AS current_lon,
        t.event_timestamp,
        
        -- Quality degradation: 12.5% loss per degree above 6.0°C threshold
        CASE 
            WHEN t.temperature_c > 6.0 THEN GREATEST(0, (t.temperature_c - 6.0) * 12.5)
            ELSE 0 
        END AS quality_degradation_pct,
        
        -- Thermal risk classification
        CASE 
            WHEN t.temperature_c > 6.0 THEN 'CRITICAL - HIGH SPOILAGE'
            WHEN t.temperature_c > 4.5 THEN 'WARNING - TEMP DRIFT'
            ELSE 'OPTIMAL'
        END AS thermal_status
    FROM current_status t
)

SELECT 
    cr.container_id,
    cr.commodity,
    cr.temperature_c,
    cr.current_lat,
    cr.current_lon,
    cr.event_timestamp,
    cr.quality_degradation_pct,
    cr.thermal_status,
    mp.market_id AS recommended_reroute_market,
    mp.market_name,
    mp.base_price_per_ton,
    
    -- Calculated Salvage Value (Remaining market value per ton)
    ROUND(mp.base_price_per_ton * (1 - (cr.quality_degradation_pct / 100.0)), 2) AS salvage_value_per_ton,
    
    -- Estimated Financial Loss Prevented per ton by rerouting
    ROUND(mp.base_price_per_ton * (cr.quality_degradation_pct / 100.0), 2) AS arbitrage_loss_prevented
FROM calculated_risk cr
CROSS JOIN ATMOSYNC_DB.RAW.MARKET_PRICING mp
WHERE mp.commodity = cr.commodity
  AND mp.market_id = CASE 
                        WHEN cr.thermal_status = 'CRITICAL - HIGH SPOILAGE' THEN 'MKT-LIS' 
                        ELSE 'MKT-ROT' 
                     END
  )
/* {"app": "dbt", "dbt_version": "1.12.0", "profile_name": "atmosync_dbt", "target_name": "dev", "node_id": "model.atmosync_dbt.fct_spoilage_arbitrage"} */;
[0m22:18:49.829307 [debug] [Thread-3 (]: Opening a new connection, currently in state init
[0m22:18:50.883226 [debug] [Thread-3 (]: SQL status: SUCCESS 1 in 1.054 seconds
[0m22:18:50.886120 [debug] [Thread-3 (]: Sending event: {'category': 'dbt', 'action': 'run_model', 'label': '7994c23c-dfa4-4c10-aa0d-06ca4727d057', 'context': [<snowplow_tracker.self_describing_json.SelfDescribingJson object at 0x000002026A121BD0>]}
[0m22:18:50.886683 [info ] [Thread-3 (]: 2 of 2 OK created sql view model ANALYTICS.fct_spoilage_arbitrage .............. [[32mSUCCESS 1[0m in 1.07s]
[0m22:18:50.887781 [debug] [Thread-3 (]: Finished running node model.atmosync_dbt.fct_spoilage_arbitrage
[0m22:18:50.890348 [debug] [MainThread]: Connection 'master' was properly closed.
[0m22:18:50.890735 [debug] [MainThread]: Connection 'list_ATMOSYNC_DB' was left open.
[0m22:18:50.891028 [debug] [MainThread]: On list_ATMOSYNC_DB: Close
[0m22:18:51.266798 [debug] [MainThread]: Connection 'list_ATMOSYNC_DB_ANALYTICS' was left open.
[0m22:18:51.267202 [debug] [MainThread]: On list_ATMOSYNC_DB_ANALYTICS: Close
[0m22:18:51.624306 [debug] [MainThread]: Connection 'model.atmosync_dbt.stg_container_telemetry' was left open.
[0m22:18:51.624770 [debug] [MainThread]: On model.atmosync_dbt.stg_container_telemetry: Close
[0m22:18:52.365830 [debug] [MainThread]: Connection 'model.atmosync_dbt.fct_spoilage_arbitrage' was left open.
[0m22:18:52.366303 [debug] [MainThread]: On model.atmosync_dbt.fct_spoilage_arbitrage: Close
[0m22:18:52.887188 [info ] [MainThread]: 
[0m22:18:52.888049 [info ] [MainThread]: Finished running 2 view models in 0 hours 0 minutes and 8.66 seconds (8.66s).
[0m22:18:52.889142 [debug] [MainThread]: Command end result
[0m22:18:52.923782 [debug] [MainThread]: Wrote artifact WritableManifest to D:\Infotact solutions\Project\AtmoSync - analytics\atmosync_dbt\target\manifest.json
[0m22:18:52.927980 [debug] [MainThread]: Wrote artifact SemanticManifest to D:\Infotact solutions\Project\AtmoSync - analytics\atmosync_dbt\target\semantic_manifest.json
[0m22:18:52.932893 [debug] [MainThread]: Wrote artifact OsiDocument to D:\Infotact solutions\Project\AtmoSync - analytics\atmosync_dbt\target\osi_document.json
[0m22:18:52.941708 [debug] [MainThread]: Wrote artifact RunExecutionResult to D:\Infotact solutions\Project\AtmoSync - analytics\atmosync_dbt\target\run_results.json
[0m22:18:52.942453 [info ] [MainThread]: 
[0m22:18:52.943221 [info ] [MainThread]: [32mCompleted successfully[0m
[0m22:18:52.943868 [info ] [MainThread]: 
[0m22:18:52.944488 [info ] [MainThread]: Done. PASS=2 WARN=0 ERROR=0 SKIP=0 NO-OP=0 REUSED=0 TOTAL=2
[0m22:18:52.945480 [debug] [MainThread]: Command `dbt run` succeeded at 22:18:52.945344 after 13.95 seconds
[0m22:18:52.945864 [debug] [MainThread]: Sending event: {'category': 'dbt', 'action': 'invocation', 'label': 'end', 'context': [<snowplow_tracker.self_describing_json.SelfDescribingJson object at 0x000002026A108190>, <snowplow_tracker.self_describing_json.SelfDescribingJson object at 0x000002026B960E60>, <snowplow_tracker.self_describing_json.SelfDescribingJson object at 0x000002026B8B8150>]}
[0m22:18:52.946210 [debug] [MainThread]: Flushing usage events
[0m22:18:54.927598 [debug] [MainThread]: An error was encountered while trying to flush usage events
